Health Center Type,Health Center Number,BHCMIS Organization Identification Number,BPHC Assigned Number,Site Name,Site Address,Site City,Site State Abbreviation,Site Postal Code,Site Telephone Number,Site Web Address,Operating Hours per Week,Health Center Location Setting Identification Number,Health Center Service Delivery Site Location Setting Description,Health Center Status Identification Number,Site Status Description,FQHC Site Medicare Billing Number,FQHC Site NPI Number,Health Center Location Identification Number,Health Center Location Type Description,Health Center Type Identification Number,Health Center Type Description,Health Center Operator Identification Number,Health Center Operator Description,Health Center Operating Schedule Identification Number,Health Center Operational Schedule Description,Health Center Operating Calendar Surrogate Key,Health Center Operating Calendar,Site Added to Scope this Date,Health Center Name,Health Center Organization Street Address,Health Center Organization City,Health Center Organization State,Health Center Organization ZIP Code,Grantee Organization Type Description,Geocoding Artifact Address Primary X Coordinate,Geocoding Artifact Address Primary Y Coordinate,U.S. - Mexico Border 100 Kilometer Indicator,U.S. - Mexico Border County Indicator,State and County Federal Information Processing Standard Code,Complete County Name,County Equivalent Name,County Description,HHS Region Code,HHS Region Name,State FIPS Code,State Name,State FIPS and Congressional District Number Code,Congressional District Number,Congressional District Name,Congressional District Code,U.S. Congressional Representative Name,Name of U.S. Senator Number One,Name of U.S. Senator Number Two,Data Warehouse Record Create Date,Unnamed: 55
Federally Qualified Health Center (FQHC),H80CS00807,090990,BPS-H80-000125,WAIOLA CLINIC,86-120 Farrington Hwy,Waianae,HI,96792-3000,808-697-3300,www.wcchc.com,55.5,7,All Other Clinic Types,1,Active,121833,1164597795.0,1,Permanent,2,Service Delivery Site,1,Health Center/Applicant,1,Full-Time,1,Year-Round,01/02/1994,"WAIANAE DISTRICT COMPREHENSIVE HEALTH AND HOSPITAL BOARD, INCORPORATED",86-260 Farrington Hwy,Waianae,HI,96792-3128,"Corporate Entity, Federal Tax Exempt",-158.18491773,21.43589166,N,N,15003,Honolulu County,Honolulu,County            ,09,Region 9,15,Hawaii,1502,2,Hawaii District 02,HI-02,Jill N. Tokuda,Brian Schatz,Mazie K. Hirono,06/14/2025,
Federally Qualified Health Center (FQHC),H80CS06640,0924640,BPS-H80-036107,Ka'u Family Health and Dental Center,95-5583 Mamalahoa Hwy,Naalehu,HI,96772-8900,808-333-3600,,40.0,7,All Other Clinic Types,1,Active,121811,1487602918.0,1,Permanent,2,Service Delivery Site,1,Health Center/Applicant,0,Unknown,0,Unknown,07/01/2022,WEST HAWAII COMMUNITY HEALTH CENTER INC,75-5751 Kuakini Hwy,Kailua Kona,HI,96740-1735,"Corporate Entity, Federal Tax Exempt",-155.58290987,19.06130231,N,N,15001,Hawaii County,Hawaii,County            ,09,Region 9,15,Hawaii,1502,2,Hawaii District 02,HI-02,Jill N. Tokuda,Brian Schatz,Mazie K. Hirono,06/14/2025,
Federally Qualified Health Center (FQHC),H80CS00807,090990,BPS-H80-022342,Waianae Coast Comprehensive Health Center - Accounting and Human Resources,86-120 Farrington Hwy STE C304B,Waianae,HI,96792-3000,808-697-3171,,,0,Unknown,1,Active,,,1,Permanent,1,Administrative,1,Health Center/Applicant,0,Unknown,0,Unknown,07/02/2018,"WAIANAE DISTRICT COMPREHENSIVE HEALTH AND HOSPITAL BOARD, INCORPORATED",86-260 Farrington Hwy,Waianae,HI,96792-3128,"Corporate Entity, Federal Tax Exempt",-158.18495738,21.43599627,N,N,15003,Honolulu County,Honolulu,County            ,09,Region 9,15,Hawaii,1502,2,Hawaii District 02,HI-02,Jill N. Tokuda,Brian Schatz,Mazie K. Hirono,06/14/2025,
Federally Qualified Health Center (FQHC),H80CS06640,0924640,BPS-H80-000594,WHCHC -- Kuakini Family Medical,75-5751 Kuakini Hwy STE 101A,Kailua Kona,HI,96740-1705,808-326-5629,www.westhawaiichc.org,50.0,7,All Other Clinic Types,1,Active,121834,,1,Permanent,2,Service Delivery Site,1,Health Center/Applicant,1,Full-Time,1,Year-Round,01/01/2006,WEST HAWAII COMMUNITY HEALTH CENTER INC,75-5751 Kuakini Hwy,Kailua Kona,HI,96740-1735,"Corporate Entity, Federal Tax Exempt",-155.99050931,19.63862092,N,N,15001,Hawaii County,Hawaii,County            ,09,Region 9,15,Hawaii,1502,2,Hawaii District 02,HI-02,Jill N. Tokuda,Brian Schatz,Mazie K. Hirono,06/14/2025,
Federally Qualified Health Center (FQHC),H80CS06640,0924640,BPS-H80-036104,Hilo Family Dental Center,"1257 Kilauea Ave, #100",Hilo,HI,96720-4205,808-333-3600,,40.0,7,All Other Clinic Types,1,Active,,1851676746.0,1,Permanent,2,Service Delivery Site,1,Health Center/Applicant,0,Unknown,0,Unknown,07/01/2022,WEST HAWAII COMMUNITY HEALTH CENTER INC,75-5751 Kuakini Hwy,Kailua Kona,HI,96740-1735,"Corporate Entity, Federal Tax Exempt",-155.07655532,19.71072186,N,N,15001,Hawaii County,Hawaii,County            ,09,Region 9,15,Hawaii,1502,2,Hawaii District 02,HI-02,Jill N. Tokuda,Brian Schatz,Mazie K. Hirono,06/14/2025,
Federally Qualified Health Center (FQHC),H80CS08775,0931570,BPS-H80-014457,Lanai Community Health Center,333 6th St,Lanai City,HI,96763,808-565-6919 x121,,62.0,7,All Other Clinic Types,1,Active,121854,,1,Permanent,3,Administrative/Service Delivery Site,1,Health Center/Applicant,0,Unknown,0,Unknown,12/02/2014,LANAI COMMUNITY HEALTH CENTER,333 6th St,Lanai City,HI,96763,"Corporate Entity, Federal Tax Exempt",-156.92117911,20.82662562,N,N,15009,Maui County,Maui,County            ,09,Region 9,15,Hawaii,1502,2,Hawaii District 02,HI-02,Jill N. Tokuda,Brian Schatz,Mazie K. Hirono,06/14/2025,
Federally Qualified Health Center (FQHC),H80CS00852,091290,BPS-H80-001073,HO'OLA LAHUI HAWAI'I WEST,4643 Waimea Canyon Dr,Waimea,HI,96796,808-240-0130,www.hoolalahui.org,40.0,7,All Other Clinic Types,1,Active,121818,,1,Permanent,2,Service Delivery Site,1,Health Center/Applicant,1,Full-Time,1,Year-Round,01/12/2001,HO-OLA LAHUI HAWAII INC,"4491 Rice St, Ste 106",Lihue,HI,96766-1805,"Corporate Entity, Federal Tax Exempt",-159.67016038,21.96001622,N,N,15007,Kauai County,Kauai,County            ,09,Region 9,15,Hawaii,1502,2,Hawaii District 02,HI-02,Jill N. Tokuda,Brian Schatz,Mazie K. Hirono,06/14/2025,
Federally Qualified Health Center (FQHC),H80CS00776,093410,BPS-H80-006087,KALIHI VALLEY HOMES PUB. HOUSING,2243 Kalaunu St,Honolulu,HI,96819-2784,808-845-0585,www.kkv.net,5.0,7,All Other Clinic Types,1,Active,,,1,Permanent,3,Administrative/Service Delivery Site,1,Health Center/Applicant,2,Part-Time,1,Year-Round,12/15/1989,KOKUA KALIHI VALLEY (COMPREHENSIVE FAMILY SERVICES),2239 N School St,Honolulu,HI,96819-2539,"Corporate Entity, Federal Tax Exempt",-157.86572966,21.34837906,N,N,15003,Honolulu County,Honolulu,County            ,09,Region 9,15,Hawaii,1501,1,Hawaii District 01,HI-01,Ed Case,Brian Schatz,Mazie K. Hirono,06/14/2025,
Federally Qualified Health Center (FQHC),H80CS00852,091290,BPS-H80-001356,KAUAI COMMUNITY HEALTH CTR-WEST,4643 Waimea Canyon Dr,Waimea,HI,96796,808-240-0100,www.hoolalahui.org,40.0,7,All Other Clinic Types,1,Active,,,1,Permanent,2,Service Delivery Site,1,Health Center/Applicant,1,Full-Time,1,Year-Round,01/12/2001,HO-OLA LAHUI HAWAII INC,"4491 Rice St, Ste 106",Lihue,HI,96766-1805,"Corporate Entity, Federal Tax Exempt",-159.67016038,21.96001622,N,N,15007,Kauai County,Kauai,County            ,09,Region 9,15,Hawaii,1502,2,Hawaii District 02,HI-02,Jill N. Tokuda,Brian Schatz,Mazie K. Hirono,06/14/2025,
Federally Qualified Health Center (FQHC),H80CS00722,096040,BPS-H80-008908,Community Clinic of Maui,1881 Nani St,Wailuku,HI,96793-1811,808-871-7772,www.ccmaui.org,40.0,7,All Other Clinic Types,1,Active,121812,1686814055.0,1,Permanent,3,Administrative/Service Delivery Site,1,Health Center/Applicant,1,Full-Time,1,Year-Round,06/29/2009,"COMMUNITY CLINIC OF MAUI, INC.",1881 Nani St,Wailuku,HI,96793-1811,"Corporate Entity, Federal Tax Exempt",-156.49977727,20.88890229,N,N,15009,Maui County,Maui,County            ,09,Region 9,15,Hawaii,1502,2,Hawaii District 02,HI-02,Jill N. Tokuda,Brian Schatz,Mazie K. Hirono,06/14/2025,
Federally Qualified Health Center (FQHC),H80CS00451,092160,BPS-H80-036824,Hamakua-Kohala Health in Kapaau,54-3793 Akoni Pule Hwy,Kapaau,HI,96755,808-930-2734,,40.0,7,All Other Clinic Types,1,Active,,,1,Permanent,3,Administrative/Service Delivery Site,1,Health Center/Applicant,0,Unknown,0,Unknown,06/02/2023,"HAMAKUA HEALTH CENTER, INC",45-549 Plumeria St,Honokaa,HI,96727-6902,"Corporate Entity, Federal Tax Exempt",-155.80602638,20.23211023,N,N,15001,Hawaii County,Hawaii,County            ,09,Region 9,15,Hawaii,1502,2,Hawaii District 02,HI-02,Jill N. Tokuda,Brian Schatz,Mazie K. Hirono,06/14/2025,
Federally Qualified Health Center (FQHC),H80CS00053,092060,BPS-H80-036699,Waikiki Health PanAm,1600 Kapiolani Blvd STE 1401&AMP1404,Honolulu,HI,96814-3714,808-922-4787,https://waikikihc.org/,,7,All Other Clinic Types,1,Active,,,1,Permanent,1,Administrative,1,Health Center/Applicant,0,Unknown,0,Unknown,05/16/2023,WAIKIKI HEALTH,277 Ohua Ave,Honolulu,HI,96815-6612,"Corporate Entity, Federal Tax Exempt",-157.83934351,21.29171124,N,N,15003,Honolulu County,Honolulu,County            ,09,Region 9,15,Hawaii,1501,1,Hawaii District 01,HI-01,Ed Case,Brian Schatz,Mazie K. Hirono,06/14/2025,
Federally Qualified Health Center (FQHC),H80CS00807,090990,BPS-H80-036841,Nanaikapono Elementary School,89-153 Mano Ave,Waianae,HI,96792-4036,808-697-3457,,35.0,2,School,1,Active,,,1,Permanent,2,Service Delivery Site,1,Health Center/Applicant,0,Unknown,0,Unknown,06/28/2023,"WAIANAE DISTRICT COMPREHENSIVE HEALTH AND HOSPITAL BOARD, INCORPORATED",86-260 Farrington Hwy,Waianae,HI,96792-3128,"Corporate Entity, Federal Tax Exempt",-158.14243129,21.38421233,N,N,15003,Honolulu County,Honolulu,County            ,09,Region 9,15,Hawaii,1502,2,Hawaii District 02,HI-02,Jill N. Tokuda,Brian Schatz,Mazie K. Hirono,06/14/2025,
Federally Qualified Health Center (FQHC),H80CS06640,0924640,BPS-H80-036102,Kea'au Family Health and Dental,16-192 Pili Mua St,Keaau,HI,96749-8134,808-333-3600,,50.0,7,All Other Clinic Types,1,Active,121829,1104874619.0,1,Permanent,2,Service Delivery Site,1,Health Center/Applicant,0,Unknown,0,Unknown,07/01/2022,WEST HAWAII COMMUNITY HEALTH CENTER INC,75-5751 Kuakini Hwy,Kailua Kona,HI,96740-1735,"Corporate Entity, Federal Tax Exempt",-155.03963622,19.62043229,N,N,15001,Hawaii County,Hawaii,County            ,09,Region 9,15,Hawaii,1502,2,Hawaii District 02,HI-02,Jill N. Tokuda,Brian Schatz,Mazie K. Hirono,06/14/2025,
Federally Qualified Health Center (FQHC),H80CS00814,096010,BPS-H80-002105,KPHC DOWNTOWN,89 S King St,Honolulu,HI,96813-4315,808-792-5566,www.kphc.org,40.0,7,All Other Clinic Types,1,Active,121835,1669644068.0,1,Permanent,2,Service Delivery Site,1,Health Center/Applicant,1,Full-Time,1,Year-Round,06/18/2007,KALIHI PALAMA HEALTH CENTER,915 N King St,Honolulu,HI,96817-4544,"Corporate Entity, Federal Tax Exempt",-157.86226073,21.30937635,N,N,15003,Honolulu County,Honolulu,County            ,09,Region 9,15,Hawaii,1501,1,Hawaii District 01,HI-01,Ed Case,Brian Schatz,Mazie K. Hirono,06/14/2025,
Federally Qualified Health Center (FQHC),H80CS02449,0912120,BPS-H80-029654,"Molokai Community Health Center, Building #4, Medical Department",30 Oki Pl,Kaunakakai,HI,96748,808-553-5038,,45.0,7,All Other Clinic Types,1,Active,,,1,Permanent,2,Service Delivery Site,1,Health Center/Applicant,0,Unknown,0,Unknown,09/27/2019,MOLOKAI OHANA HEALTH CARE INC,30 Oki Pl,Kaunakakai,HI,96748,"Corporate Entity, Federal Tax Exempt",-157.01841045,21.08636484,N,N,15009,Maui County,Maui,County            ,09,Region 9,15,Hawaii,1502,2,Hawaii District 02,HI-02,Jill N. Tokuda,Brian Schatz,Mazie K. Hirono,06/14/2025,
Federally Qualified Health Center (FQHC),H80CS00053,092060,BPS-H80-006488,Waikiki Health Youth Outreach,415 Keoniana St,Honolulu,HI,96815-2018,808-537-8438,www.waikikihc.org,20.0,7,All Other Clinic Types,1,Active,121823,1063668473.0,1,Permanent,2,Service Delivery Site,1,Health Center/Applicant,2,Part-Time,1,Year-Round,01/09/1991,WAIKIKI HEALTH,277 Ohua Ave,Honolulu,HI,96815-6612,"Corporate Entity, Federal Tax Exempt",-157.83204707,21.28517578,N,N,15003,Honolulu County,Honolulu,County            ,09,Region 9,15,Hawaii,1501,1,Hawaii District 01,HI-01,Ed Case,Brian Schatz,Mazie K. Hirono,06/14/2025,
Federally Qualified Health Center (FQHC),H80CS00814,096010,BPS-H80-006573,KOHOU CLINIC,904 Kohou St,Honolulu,HI,96817-4420,808-791-6370,www.kphc.org,40.0,7,All Other Clinic Types,1,Active,,,1,Permanent,3,Administrative/Service Delivery Site,1,Health Center/Applicant,2,Part-Time,1,Year-Round,01/01/2001,KALIHI PALAMA HEALTH CENTER,915 N King St,Honolulu,HI,96817-4544,"Corporate Entity, Federal Tax Exempt",-157.8704672,21.32419199,N,N,15003,Honolulu County,Honolulu,County            ,09,Region 9,15,Hawaii,1501,1,Hawaii District 01,HI-01,Ed Case,Brian Schatz,Mazie K. Hirono,06/14/2025,
Federally Qualified Health Center (FQHC),H80CS02449,0912120,BPS-H80-028308,"Molokai Community Health Center, Building #3, Administrative Department",30 Oki Pl,Kaunakakai,HI,96748,808-553-5038,,40.0,7,All Other Clinic Types,1,Active,,,1,Permanent,1,Administrative,1,Health Center/Applicant,0,Unknown,0,Unknown,09/04/2019,MOLOKAI OHANA HEALTH CARE INC,30 Oki Pl,Kaunakakai,HI,96748,"Corporate Entity, Federal Tax Exempt",-157.01841045,21.08636484,N,N,15009,Maui County,Maui,County            ,09,Region 9,15,Hawaii,1502,2,Hawaii District 02,HI-02,Jill N. Tokuda,Brian Schatz,Mazie K. Hirono,06/14/2025,
Federally Qualified Health Center (FQHC),H80CS00807,090990,BPS-H80-021663,Nanakuli High & Intermediate School,89-980 Nanakuli Ave,Waianae,HI,96792-3999,808-697-3457,,35.0,2,School,1,Active,,,1,Permanent,2,Service Delivery Site,1,Health Center/Applicant,0,Unknown,0,Unknown,01/22/2018,"WAIANAE DISTRICT COMPREHENSIVE HEALTH AND HOSPITAL BOARD, INCORPORATED",86-260 Farrington Hwy,Waianae,HI,96792-3128,"Corporate Entity, Federal Tax Exempt",-158.13344606,21.38556504,N,N,15003,Honolulu County,Honolulu,County            ,09,Region 9,15,Hawaii,1502,2,Hawaii District 02,HI-02,Jill N. Tokuda,Brian Schatz,Mazie K. Hirono,06/14/2025,
Federally Qualified Health Center (FQHC),H80CS06640,0924640,BPS-H80-021937,WHCHC -- Waikoloa Family Dental,"68-1845 Waikoloa Rd, Ste 205",Waikoloa,HI,96738-5581,808-657-0844,www.westhawaiichc.org,38.0,7,All Other Clinic Types,1,Active,,,1,Permanent,2,Service Delivery Site,1,Health Center/Applicant,0,Unknown,0,Unknown,03/26/2018,WEST HAWAII COMMUNITY HEALTH CENTER INC,75-5751 Kuakini Hwy,Kailua Kona,HI,96740-1735,"Corporate Entity, Federal Tax Exempt",-155.78762838,19.92687894,N,N,15001,Hawaii County,Hawaii,County            ,09,Region 9,15,Hawaii,1502,2,Hawaii District 02,HI-02,Jill N. Tokuda,Brian Schatz,Mazie K. Hirono,06/14/2025,
Federally Qualified Health Center (FQHC),H80CS00776,093410,BPS-H80-029749,Mobile Clinic 2,2239 N School St,Honolulu,HI,96819-2539,808-791-9400,www.kkv.net,30.0,2,School,1,Active,121871,1952994238.0,5,Mobile Van,2,Service Delivery Site,1,Health Center/Applicant,0,Unknown,0,Unknown,09/18/2019,KOKUA KALIHI VALLEY (COMPREHENSIVE FAMILY SERVICES),2239 N School St,Honolulu,HI,96819-2539,"Corporate Entity, Federal Tax Exempt",-157.87439672,21.34081414,N,N,15003,Honolulu County,Honolulu,County            ,09,Region 9,15,Hawaii,1501,1,Hawaii District 01,HI-01,Ed Case,Brian Schatz,Mazie K. Hirono,06/14/2025,
Federally Qualified Health Center (FQHC),H80CS00053,092060,BPS-H80-010571,Waikiki Health PATH,845 22nd Ave BLDG 5,Honolulu,HI,96816-4521,808-922-4787,www.waikikihc.org,42.5,7,All Other Clinic Types,1,Active,121846,1528359791.0,1,Permanent,2,Service Delivery Site,1,Health Center/Applicant,1,Full-Time,1,Year-Round,05/25/2011,WAIKIKI HEALTH,277 Ohua Ave,Honolulu,HI,96815-6612,"Corporate Entity, Federal Tax Exempt",-157.79188509,21.27203241,N,N,15003,Honolulu County,Honolulu,County            ,09,Region 9,15,Hawaii,1501,1,Hawaii District 01,HI-01,Ed Case,Brian Schatz,Mazie K. Hirono,06/14/2025,
Federally Qualified Health Center (FQHC),H80CS00852,091290,BPS-H80-021238,HLH Administration,2975 Haleko Rd STE 308,Lihue,HI,96766-1366,808-240-0113,,,7,All Other Clinic Types,1,Active,,,1,Permanent,1,Administrative,1,Health Center/Applicant,0,Unknown,0,Unknown,10/05/2017,HO-OLA LAHUI HAWAII INC,"4491 Rice St, Ste 106",Lihue,HI,96766-1805,"Corporate Entity, Federal Tax Exempt",-159.37008825,21.97462097,N,N,15007,Kauai County,Kauai,County            ,09,Region 9,15,Hawaii,1502,2,Hawaii District 02,HI-02,Jill N. Tokuda,Brian Schatz,Mazie K. Hirono,06/14/2025,
Federally Qualified Health Center (FQHC),H80CS00807,090990,BPS-H80-016815,Waianae Vision Care,86-120 Farrington Hwy STE C301,Waianae,HI,96792-3072,808-696-7021,www.wcchc.com,50.0,7,All Other Clinic Types,1,Active,,,1,Permanent,2,Service Delivery Site,1,Health Center/Applicant,0,Unknown,0,Unknown,07/31/2015,"WAIANAE DISTRICT COMPREHENSIVE HEALTH AND HOSPITAL BOARD, INCORPORATED",86-260 Farrington Hwy,Waianae,HI,96792-3128,"Corporate Entity, Federal Tax Exempt",-158.18494045,21.43596392,N,N,15003,Honolulu County,Honolulu,County            ,09,Region 9,15,Hawaii,1502,2,Hawaii District 02,HI-02,Jill N. Tokuda,Brian Schatz,Mazie K. Hirono,06/14/2025,
Federally Qualified Health Center (FQHC),H80CS00807,090990,BPS-H80-039731,Dental Mobile Clinic Van #3,86-260 Farrington Hwy,Waianae,HI,96792-3128,808-697-3457,,8.0,2,School,1,Active,,,5,Mobile Van,2,Service Delivery Site,1,Health Center/Applicant,0,Unknown,0,Unknown,01/26/2025,"WAIANAE DISTRICT COMPREHENSIVE HEALTH AND HOSPITAL BOARD, INCORPORATED",86-260 Farrington Hwy,Waianae,HI,96792-3128,"Corporate Entity, Federal Tax Exempt",-158.180635,21.42935638,N,N,15003,Honolulu County,Honolulu,County            ,09,Region 9,15,Hawaii,1502,2,Hawaii District 02,HI-02,Jill N. Tokuda,Brian Schatz,Mazie K. Hirono,06/14/2025,
Federally Qualified Health Center (FQHC),H80CS00776,093410,BPS-H80-006873,HAUIKI HOMES PUBLIC HOUSING,1574 Meyers St,Honolulu,HI,96819-2513,808-848-6687,www.kkv.net,5.0,7,All Other Clinic Types,1,Active,,,1,Permanent,3,Administrative/Service Delivery Site,1,Health Center/Applicant,2,Part-Time,1,Year-Round,12/15/1995,KOKUA KALIHI VALLEY (COMPREHENSIVE FAMILY SERVICES),2239 N School St,Honolulu,HI,96819-2539,"Corporate Entity, Federal Tax Exempt",-157.87745901,21.34426082,N,N,15003,Honolulu County,Honolulu,County            ,09,Region 9,15,Hawaii,1501,1,Hawaii District 01,HI-01,Ed Case,Brian Schatz,Mazie K. Hirono,06/14/2025,
Federally Qualified Health Center (FQHC),H80CS06640,0924640,BPS-H80-031859,WHCHC -- Kealakekua Family Heath and Dental Clinic,81-980 Halekii St STE 108,Kealakekua,HI,96750-8177,808-322-0420,,40.0,7,All Other Clinic Types,1,Active,121879,,1,Permanent,2,Service Delivery Site,1,Health Center/Applicant,0,Unknown,0,Unknown,12/30/2020,WEST HAWAII COMMUNITY HEALTH CENTER INC,75-5751 Kuakini Hwy,Kailua Kona,HI,96740-1735,"Corporate Entity, Federal Tax Exempt",-155.92179918,19.51851681,N,N,15001,Hawaii County,Hawaii,County            ,09,Region 9,15,Hawaii,1502,2,Hawaii District 02,HI-02,Jill N. Tokuda,Brian Schatz,Mazie K. Hirono,06/14/2025,
Federally Qualified Health Center (FQHC),H80CS06640,0924640,BPS-H80-035055,WHCHC Honaunau SBHC,83-5360 Mamalahoa Hwy,Captain Cook,HI,96704-8302,808-326-5629,www.westhawaiichc.org,16.0,2,School,1,Active,,,1,Permanent,2,Service Delivery Site,1,Health Center/Applicant,0,Unknown,0,Unknown,05/01/2022,WEST HAWAII COMMUNITY HEALTH CENTER INC,75-5751 Kuakini Hwy,Kailua Kona,HI,96740-1735,"Corporate Entity, Federal Tax Exempt",-155.87974013,19.45057998,N,N,15001,Hawaii County,Hawaii,County            ,09,Region 9,15,Hawaii,1502,2,Hawaii District 02,HI-02,Jill N. Tokuda,Brian Schatz,Mazie K. Hirono,06/14/2025,
Federally Qualified Health Center (FQHC) Look-Alike,LALCS31600,09E01287,BPS-LAL-038414,Wahiawa Health - Ka'ala Elementary School,130 California Ave,Wahiawa,HI,96786-1554,808-622-6366,,14.0,2,School,1,Active,,,2,Seasonal,2,Service Delivery Site,1,Health Center/Applicant,0,Unknown,0,Unknown,03/15/2024,THE WAHIAWA CENTER FOR COMMUNITY HEALTH,302 CALIFORNIA AVE STE 106A,WAHIAWA,HI,96786,,-158.03632235,21.49335841,N,N,15003,Honolulu County,Honolulu,County            ,09,Region 9,15,Hawaii,1502,2,Hawaii District 02,HI-02,Jill N. Tokuda,Brian Schatz,Mazie K. Hirono,06/14/2025,
Federally Qualified Health Center (FQHC),H80CS06640,0924640,BPS-H80-036101,Hilo Family Health Center,1178 Kinoole St,Hilo,HI,96720-7206,808-333-3600,,50.0,7,All Other Clinic Types,1,Active,121804,1225086887.0,1,Permanent,2,Service Delivery Site,1,Health Center/Applicant,0,Unknown,0,Unknown,07/01/2022,WEST HAWAII COMMUNITY HEALTH CENTER INC,75-5751 Kuakini Hwy,Kailua Kona,HI,96740-1735,"Corporate Entity, Federal Tax Exempt",-155.07961774,19.71038499,N,N,15001,Hawaii County,Hawaii,County            ,09,Region 9,15,Hawaii,1502,2,Hawaii District 02,HI-02,Jill N. Tokuda,Brian Schatz,Mazie K. Hirono,06/14/2025,
Federally Qualified Health Center (FQHC),H80CS00776,093410,BPS-H80-004618,KOKUA KALIHI VALLEY MAIN CLINIC,2239 N School St,Honolulu,HI,96819-2539,808-791-9400,www.kkv.net,60.0,7,All Other Clinic Types,1,Active,121800,1114074622.0,1,Permanent,3,Administrative/Service Delivery Site,1,Health Center/Applicant,1,Full-Time,1,Year-Round,12/15/2001,KOKUA KALIHI VALLEY (COMPREHENSIVE FAMILY SERVICES),2239 N School St,Honolulu,HI,96819-2539,"Corporate Entity, Federal Tax Exempt",-157.87439672,21.34081414,N,N,15003,Honolulu County,Honolulu,County            ,09,Region 9,15,Hawaii,1501,1,Hawaii District 01,HI-01,Ed Case,Brian Schatz,Mazie K. Hirono,06/14/2025,
Federally Qualified Health Center (FQHC),H80CS00852,091290,BPS-H80-038576,Admin 301,"2975 Haleko Rd, Ste 301",Lihue,HI,96766-1366,808-240-0100,,,0,Unknown,1,Active,,,1,Permanent,1,Administrative,1,Health Center/Applicant,0,Unknown,0,Unknown,04/25/2024,HO-OLA LAHUI HAWAII INC,"4491 Rice St, Ste 106",Lihue,HI,96766-1805,"Corporate Entity, Federal Tax Exempt",-159.37005606,21.9746022,N,N,15007,Kauai County,Kauai,County            ,09,Region 9,15,Hawaii,1502,2,Hawaii District 02,HI-02,Jill N. Tokuda,Brian Schatz,Mazie K. Hirono,06/14/2025,
Federally Qualified Health Center (FQHC),H80CS00852,091290,BPS-H80-021241,HLH Administration,2975 Haleko Rd STE 305A,Lihue,HI,96766-1366,808-240-0113,,,7,All Other Clinic Types,1,Active,,,1,Permanent,1,Administrative,1,Health Center/Applicant,0,Unknown,0,Unknown,10/05/2017,HO-OLA LAHUI HAWAII INC,"4491 Rice St, Ste 106",Lihue,HI,96766-1805,"Corporate Entity, Federal Tax Exempt",-159.37008825,21.97462097,N,N,15007,Kauai County,Kauai,County            ,09,Region 9,15,Hawaii,1502,2,Hawaii District 02,HI-02,Jill N. Tokuda,Brian Schatz,Mazie K. Hirono,06/14/2025,
Federally Qualified Health Center (FQHC),H80CS06640,0924640,BPS-H80-036099,HICHC Mobile Health,15-2866 Pahoa Village Rd,Pahoa,HI,96778-7720,808-333-3600,,9.0,7,All Other Clinic Types,1,Active,121841,1952548638.0,5,Mobile Van,2,Service Delivery Site,1,Health Center/Applicant,0,Unknown,0,Unknown,07/01/2022,WEST HAWAII COMMUNITY HEALTH CENTER INC,75-5751 Kuakini Hwy,Kailua Kona,HI,96740-1735,"Corporate Entity, Federal Tax Exempt",-154.94890967,19.49510251,N,N,15001,Hawaii County,Hawaii,County            ,09,Region 9,15,Hawaii,1502,2,Hawaii District 02,HI-02,Jill N. Tokuda,Brian Schatz,Mazie K. Hirono,06/14/2025,
Federally Qualified Health Center (FQHC),H80CS06640,0924640,BPS-H80-037355,Konawaena High School,81-1043 Konawaena School Rd,Kealakekua,HI,96750-8121,808-326-5629,www.hicommunityhealthcenter.org,40.0,2,School,1,Active,,,2,Seasonal,2,Service Delivery Site,1,Health Center/Applicant,0,Unknown,0,Unknown,09/01/2023,WEST HAWAII COMMUNITY HEALTH CENTER INC,75-5751 Kuakini Hwy,Kailua Kona,HI,96740-1735,"Corporate Entity, Federal Tax Exempt",-155.91509986,19.50943615,N,N,15001,Hawaii County,Hawaii,County            ,09,Region 9,15,Hawaii,1502,2,Hawaii District 02,HI-02,Jill N. Tokuda,Brian Schatz,Mazie K. Hirono,06/14/2025,
Federally Qualified Health Center (FQHC),H80CS00722,096040,BPS-H80-038203,Kihei Elementary School,250 E Lipoa St # D102,Kihei,HI,96753-8125,808-875-6818,,40.5,2,School,1,Active,121014,1811687262.0,1,Permanent,2,Service Delivery Site,1,Health Center/Applicant,0,Unknown,0,Unknown,02/02/2024,"COMMUNITY CLINIC OF MAUI, INC.",1881 Nani St,Wailuku,HI,96793-1811,"Corporate Entity, Federal Tax Exempt",-156.44796049,20.74843726,N,N,15009,Maui County,Maui,County            ,09,Region 9,15,Hawaii,1502,2,Hawaii District 02,HI-02,Jill N. Tokuda,Brian Schatz,Mazie K. Hirono,06/14/2025,
Federally Qualified Health Center (FQHC),H80CS00451,092160,BPS-H80-005036,KOHALA FAMILY HEALTH CENTER,53-3925 Akoni Pule Hwy,Kapaau,HI,96755,808-889-6236,www.hamakua-health.org,60.0,7,All Other Clinic Types,1,Active,121830,,1,Permanent,2,Service Delivery Site,1,Health Center/Applicant,1,Full-Time,1,Year-Round,08/10/2006,"HAMAKUA HEALTH CENTER, INC",45-549 Plumeria St,Honokaa,HI,96727-6902,"Corporate Entity, Federal Tax Exempt",-155.79690463,20.23035061,N,N,15001,Hawaii County,Hawaii,County            ,09,Region 9,15,Hawaii,1502,2,Hawaii District 02,HI-02,Jill N. Tokuda,Brian Schatz,Mazie K. Hirono,06/14/2025,
Federally Qualified Health Center (FQHC),H80CS00053,092060,BPS-H80-032785,Keauhou Shelter,1020 Isenberg St,Honolulu,HI,96826-2919,808-537-8330,https://waikikihc.org/,,7,All Other Clinic Types,1,Active,,,1,Permanent,1,Administrative,1,Health Center/Applicant,0,Unknown,0,Unknown,07/22/2021,WAIKIKI HEALTH,277 Ohua Ave,Honolulu,HI,96815-6612,"Corporate Entity, Federal Tax Exempt",-157.82531103,21.29378203,N,N,15003,Honolulu County,Honolulu,County            ,09,Region 9,15,Hawaii,1501,1,Hawaii District 01,HI-01,Ed Case,Brian Schatz,Mazie K. Hirono,06/14/2025,
Federally Qualified Health Center (FQHC),H80CS06640,0924640,BPS-H80-036100,Pahoa Family Health Center,15-2866 Pahoa Village Rd,Pahoa,HI,96778-7720,808-333-3600,,50.0,7,All Other Clinic Types,1,Active,121805,1265482624.0,1,Permanent,2,Service Delivery Site,1,Health Center/Applicant,0,Unknown,0,Unknown,07/01/2022,WEST HAWAII COMMUNITY HEALTH CENTER INC,75-5751 Kuakini Hwy,Kailua Kona,HI,96740-1735,"Corporate Entity, Federal Tax Exempt",-154.94890967,19.49510251,N,N,15001,Hawaii County,Hawaii,County            ,09,Region 9,15,Hawaii,1502,2,Hawaii District 02,HI-02,Jill N. Tokuda,Brian Schatz,Mazie K. Hirono,06/14/2025,
Federally Qualified Health Center (FQHC),H80CS00852,091290,BPS-H80-000236,HO'OLA LAHUI-HAWAII,"4491 Rice St, Ste 106",Lihue,HI,96766-1805,808-240-0100,www.hoolalahui.org,40.0,7,All Other Clinic Types,1,Active,,,1,Permanent,3,Administrative/Service Delivery Site,1,Health Center/Applicant,1,Full-Time,1,Year-Round,01/10/1996,HO-OLA LAHUI HAWAII INC,"4491 Rice St, Ste 106",Lihue,HI,96766-1805,"Corporate Entity, Federal Tax Exempt",-159.3700372,21.97529052,N,N,15007,Kauai County,Kauai,County            ,09,Region 9,15,Hawaii,1502,2,Hawaii District 02,HI-02,Jill N. Tokuda,Brian Schatz,Mazie K. Hirono,06/14/2025,
Federally Qualified Health Center (FQHC),H80CS06640,0924640,BPS-H80-000344,WHCHC -- Administration,75-5751 Kuakini Hwy,Kailua Kona,HI,96740-1735,808-326-5629,www.westhawaiichc.org,40.0,7,All Other Clinic Types,1,Active,,,1,Permanent,1,Administrative,1,Health Center/Applicant,1,Full-Time,1,Year-Round,03/01/2007,WEST HAWAII COMMUNITY HEALTH CENTER INC,75-5751 Kuakini Hwy,Kailua Kona,HI,96740-1735,"Corporate Entity, Federal Tax Exempt",-155.99050931,19.63862092,N,N,15001,Hawaii County,Hawaii,County            ,09,Region 9,15,Hawaii,1502,2,Hawaii District 02,HI-02,Jill N. Tokuda,Brian Schatz,Mazie K. Hirono,06/14/2025,
Federally Qualified Health Center (FQHC),H80CS00646,092290,BPS-H80-000438,WAIMANALO HEALTH CENTER,41-1347 Kalanianaole Hwy,Waimanalo,HI,96795-1247,808-259-7948,www.waimanalohealth.org,49.0,7,All Other Clinic Types,1,Active,121806,1780738005.0,1,Permanent,2,Service Delivery Site,1,Health Center/Applicant,1,Full-Time,1,Year-Round,01/02/1992,WAIMANALO HEALTH CENTER,41-1347 Kalanianaole Hwy,Waimanalo,HI,96795-1247,"Corporate Entity, Federal Tax Exempt",-157.71618896,21.34713439,N,N,15003,Honolulu County,Honolulu,County            ,09,Region 9,15,Hawaii,1502,2,Hawaii District 02,HI-02,Jill N. Tokuda,Brian Schatz,Mazie K. Hirono,06/14/2025,
Federally Qualified Health Center (FQHC),H80CS06640,0924640,BPS-H80-036103,Administration Office,450 Kilauea Ave STE 105,Hilo,HI,96720-3089,808-961-4071,,50.0,7,All Other Clinic Types,1,Active,,1053955120.0,1,Permanent,3,Administrative/Service Delivery Site,1,Health Center/Applicant,0,Unknown,0,Unknown,07/01/2022,WEST HAWAII COMMUNITY HEALTH CENTER INC,75-5751 Kuakini Hwy,Kailua Kona,HI,96740-1735,"Corporate Entity, Federal Tax Exempt",-155.08204287,19.71944373,N,N,15001,Hawaii County,Hawaii,County            ,09,Region 9,15,Hawaii,1502,2,Hawaii District 02,HI-02,Jill N. Tokuda,Brian Schatz,Mazie K. Hirono,06/14/2025,
Federally Qualified Health Center (FQHC),H80CS06640,0924640,BPS-H80-010361,WHCHC -- WIC Dental,81-980 Halekii St,Kealakekua,HI,96750-8177,808-322-4888,,2.0,7,All Other Clinic Types,1,Active,,,1,Permanent,2,Service Delivery Site,1,Health Center/Applicant,2,Part-Time,1,Year-Round,02/13/2011,WEST HAWAII COMMUNITY HEALTH CENTER INC,75-5751 Kuakini Hwy,Kailua Kona,HI,96740-1735,"Corporate Entity, Federal Tax Exempt",-155.92168343,19.51853957,N,N,15001,Hawaii County,Hawaii,County            ,09,Region 9,15,Hawaii,1502,2,Hawaii District 02,HI-02,Jill N. Tokuda,Brian Schatz,Mazie K. Hirono,06/14/2025,
Federally Qualified Health Center (FQHC),H80CS00807,090990,BPS-H80-015763,Waianae High School School-based Health Center,85-251 Farrington Hwy,Waianae,HI,96792-2113,808-697-3457,wcchc@wcchc.com,40.0,2,School,1,Active,,,1,Permanent,2,Service Delivery Site,1,Health Center/Applicant,0,Unknown,0,Unknown,08/11/2015,"WAIANAE DISTRICT COMPREHENSIVE HEALTH AND HOSPITAL BOARD, INCORPORATED",86-260 Farrington Hwy,Waianae,HI,96792-3128,"Corporate Entity, Federal Tax Exempt",-158.19986736,21.45619452,N,N,15003,Honolulu County,Honolulu,County            ,09,Region 9,15,Hawaii,1502,2,Hawaii District 02,HI-02,Jill N. Tokuda,Brian Schatz,Mazie K. Hirono,06/14/2025,
Federally Qualified Health Center (FQHC),H80CS00722,096040,BPS-H80-038692,Kahana Satellite,"10 Hoohui Rd, Ste 305",Lahaina,HI,96761-9259,808-872-0000,,35.0,7,All Other Clinic Types,1,Active,,,1,Permanent,2,Service Delivery Site,1,Health Center/Applicant,0,Unknown,0,Unknown,05/24/2024,"COMMUNITY CLINIC OF MAUI, INC.",1881 Nani St,Wailuku,HI,96793-1811,"Corporate Entity, Federal Tax Exempt",-156.67774953,20.97155053,N,N,15009,Maui County,Maui,County            ,09,Region 9,15,Hawaii,1502,2,Hawaii District 02,HI-02,Jill N. Tokuda,Brian Schatz,Mazie K. Hirono,06/14/2025,
Federally Qualified Health Center (FQHC),H80CS00814,096010,BPS-H80-001195,ADMINISTRATION,938 Austin Ln,Honolulu,HI,96817-5765,808-845-8578,www.kphc.org,,0,Unknown,1,Active,,,1,Permanent,1,Administrative,1,Health Center/Applicant,1,Full-Time,1,Year-Round,01/01/2001,KALIHI PALAMA HEALTH CENTER,915 N King St,Honolulu,HI,96817-4544,"Corporate Entity, Federal Tax Exempt",-157.86802002,21.32214014,N,N,15003,Honolulu County,Honolulu,County            ,09,Region 9,15,Hawaii,1501,1,Hawaii District 01,HI-01,Ed Case,Brian Schatz,Mazie K. Hirono,06/14/2025,
Federally Qualified Health Center (FQHC),H80CS00852,091290,BPS-H80-021236,HLH Administration,2975 Haleko Rd STE 310,Lihue,HI,96766-1366,808-240-0113,,,7,All Other Clinic Types,1,Active,,,1,Permanent,1,Administrative,1,Health Center/Applicant,0,Unknown,0,Unknown,10/05/2017,HO-OLA LAHUI HAWAII INC,"4491 Rice St, Ste 106",Lihue,HI,96766-1805,"Corporate Entity, Federal Tax Exempt",-159.37008825,21.97462097,N,N,15007,Kauai County,Kauai,County            ,09,Region 9,15,Hawaii,1502,2,Hawaii District 02,HI-02,Jill N. Tokuda,Brian Schatz,Mazie K. Hirono,06/14/2025,
Federally Qualified Health Center (FQHC),H80CS00451,092160,BPS-H80-022075,HHC Honokaa Administration Site NHERC,45-539 Plumeria St,Honokaa,HI,96727-6940,808-930-7204,,,0,Unknown,1,Active,,,1,Permanent,1,Administrative,1,Health Center/Applicant,0,Unknown,0,Unknown,05/08/2018,"HAMAKUA HEALTH CENTER, INC",45-549 Plumeria St,Honokaa,HI,96727-6902,"Corporate Entity, Federal Tax Exempt",-155.47023345,20.07702712,N,N,15001,Hawaii County,Hawaii,County            ,09,Region 9,15,Hawaii,1502,2,Hawaii District 02,HI-02,Jill N. Tokuda,Brian Schatz,Mazie K. Hirono,06/14/2025,
Federally Qualified Health Center (FQHC),H80CS06641,0925370,BPS-H80-017709,Mobile Medical & Dental Unit,56-119 Pualalea St,Kahuku,HI,96731-2052,808-293-9231,www.koolauloachc.org,30.0,7,All Other Clinic Types,1,Active,,,5,Mobile Van,2,Service Delivery Site,1,Health Center/Applicant,0,Unknown,0,Unknown,03/18/2016,KO'OLAULOA HEALTH CENTER,56-119 Pualalea St,Kahuku,HI,96731-2052,"Corporate Entity, Federal Tax Exempt",-157.95224985,21.67646804,N,N,15003,Honolulu County,Honolulu,County            ,09,Region 9,15,Hawaii,1502,2,Hawaii District 02,HI-02,Jill N. Tokuda,Brian Schatz,Mazie K. Hirono,06/14/2025,
Federally Qualified Health Center (FQHC),H80CS00814,096010,BPS-H80-035669,KPHC Punawai Clinic,431 Kuwili St FL 2,Honolulu,HI,96817-5051,808-791-6315,,70.0,7,All Other Clinic Types,1,Active,,,1,Permanent,2,Service Delivery Site,1,Health Center/Applicant,0,Unknown,0,Unknown,09/23/2022,KALIHI PALAMA HEALTH CENTER,915 N King St,Honolulu,HI,96817-4544,"Corporate Entity, Federal Tax Exempt",-157.86711863,21.31663223,N,N,15003,Honolulu County,Honolulu,County            ,09,Region 9,15,Hawaii,1501,1,Hawaii District 01,HI-01,Ed Case,Brian Schatz,Mazie K. Hirono,06/14/2025,
Federally Qualified Health Center (FQHC),H80CS00807,090990,BPS-H80-021708,Ewa - West O`ahu Community Health Center,91-1841 Fort Weaver Rd,Ewa Beach,HI,96706-1909,808-697-3300,,40.0,7,All Other Clinic Types,1,Active,,1366942831.0,1,Permanent,2,Service Delivery Site,1,Health Center/Applicant,0,Unknown,0,Unknown,01/30/2018,"WAIANAE DISTRICT COMPREHENSIVE HEALTH AND HOSPITAL BOARD, INCORPORATED",86-260 Farrington Hwy,Waianae,HI,96792-3128,"Corporate Entity, Federal Tax Exempt",-158.02875307,21.35438453,N,N,15003,Honolulu County,Honolulu,County            ,09,Region 9,15,Hawaii,1501,1,Hawaii District 01,HI-01,Ed Case,Brian Schatz,Mazie K. Hirono,06/14/2025,
Federally Qualified Health Center (FQHC),H80CS00807,090990,BPS-H80-031716,The Comp at Tamura Super Market,86-032 Farrington Hwy STE 101,Waianae,HI,96792-3099,808-697-3438,,46.0,7,All Other Clinic Types,1,Active,,,1,Permanent,2,Service Delivery Site,1,Health Center/Applicant,0,Unknown,0,Unknown,11/30/2020,"WAIANAE DISTRICT COMPREHENSIVE HEALTH AND HOSPITAL BOARD, INCORPORATED",86-260 Farrington Hwy,Waianae,HI,96792-3128,"Corporate Entity, Federal Tax Exempt",-158.18615582,21.439811,N,N,15003,Honolulu County,Honolulu,County            ,09,Region 9,15,Hawaii,1502,2,Hawaii District 02,HI-02,Jill N. Tokuda,Brian Schatz,Mazie K. Hirono,06/14/2025,
Federally Qualified Health Center (FQHC) Look-Alike,LALCS31600,09E01287,BPS-LAL-021546,Wahiawa Health,302 California Ave STE 106,Wahiawa,HI,96786-1841,808-622-1618,www.wahiawahealth.org,60.0,7,All Other Clinic Types,1,Active,,,1,Permanent,2,Service Delivery Site,1,Health Center/Applicant,0,Unknown,0,Unknown,01/01/2018,THE WAHIAWA CENTER FOR COMMUNITY HEALTH,302 CALIFORNIA AVE STE 106A,WAHIAWA,HI,96786,,-158.03120394,21.49541835,N,N,15003,Honolulu County,Honolulu,County            ,09,Region 9,15,Hawaii,1502,2,Hawaii District 02,HI-02,Jill N. Tokuda,Brian Schatz,Mazie K. Hirono,06/14/2025,
Federally Qualified Health Center (FQHC),H80CS00852,091290,BPS-H80-039334,HLH Mobile West,8044 Iwipolena Rd,Kekaha,HI,96752,808-240-0100,,40.0,7,All Other Clinic Types,1,Active,12818,,5,Mobile Van,2,Service Delivery Site,1,Health Center/Applicant,0,Unknown,0,Unknown,10/14/2024,HO-OLA LAHUI HAWAII INC,"4491 Rice St, Ste 106",Lihue,HI,96766-1805,"Corporate Entity, Federal Tax Exempt",-159.71812264,21.97239088,N,N,15007,Kauai County,Kauai,County            ,09,Region 9,15,Hawaii,1502,2,Hawaii District 02,HI-02,Jill N. Tokuda,Brian Schatz,Mazie K. Hirono,06/14/2025,
Federally Qualified Health Center (FQHC),H80CS00646,092290,BPS-H80-036224,Waimanalo Health Center Hale Ola `Akolu-Luluku,45-600 Kamehameha Hwy,Kaneohe,HI,96744-2065,808-235-8442,,44.0,7,All Other Clinic Types,1,Active,,,1,Permanent,2,Service Delivery Site,1,Health Center/Applicant,0,Unknown,0,Unknown,01/23/2023,WAIMANALO HEALTH CENTER,41-1347 Kalanianaole Hwy,Waimanalo,HI,96795-1247,"Corporate Entity, Federal Tax Exempt",-157.79957859,21.40088481,N,N,15003,Honolulu County,Honolulu,County            ,09,Region 9,15,Hawaii,1502,2,Hawaii District 02,HI-02,Jill N. Tokuda,Brian Schatz,Mazie K. Hirono,06/14/2025,
Federally Qualified Health Center (FQHC),H80CS06641,0925370,BPS-H80-006843,Hau`ula,54-316 Kamehameha Hwy,Hauula,HI,96717-9539,808-293-9216,,42.0,7,All Other Clinic Types,1,Active,121842,1063833655.0,1,Permanent,2,Service Delivery Site,1,Health Center/Applicant,2,Part-Time,1,Year-Round,01/08/2006,KO'OLAULOA HEALTH CENTER,56-119 Pualalea St,Kahuku,HI,96731-2052,"Corporate Entity, Federal Tax Exempt",-157.91563182,21.62019811,N,N,15003,Honolulu County,Honolulu,County            ,09,Region 9,15,Hawaii,1502,2,Hawaii District 02,HI-02,Jill N. Tokuda,Brian Schatz,Mazie K. Hirono,06/14/2025,
Federally Qualified Health Center (FQHC),H80CS02449,0912120,BPS-H80-029655,"Molokai Community Health Center, Building #9, WIC department",30 Oki Pl,Kaunakakai,HI,96748,808-553-5038,,17.0,7,All Other Clinic Types,1,Active,,,1,Permanent,2,Service Delivery Site,1,Health Center/Applicant,0,Unknown,0,Unknown,09/27/2019,MOLOKAI OHANA HEALTH CARE INC,30 Oki Pl,Kaunakakai,HI,96748,"Corporate Entity, Federal Tax Exempt",-157.01841045,21.08636484,N,N,15009,Maui County,Maui,County            ,09,Region 9,15,Hawaii,1502,2,Hawaii District 02,HI-02,Jill N. Tokuda,Brian Schatz,Mazie K. Hirono,06/14/2025,
Federally Qualified Health Center (FQHC),H80CS00451,092160,BPS-H80-032291,Mauna Kea Waimea 1st floor,65-1190 Mamalahoa Hwy,Kamuela,HI,96743-8431,808-930-2746,,40.0,7,All Other Clinic Types,1,Active,,,1,Permanent,3,Administrative/Service Delivery Site,1,Health Center/Applicant,0,Unknown,0,Unknown,04/13/2021,"HAMAKUA HEALTH CENTER, INC",45-549 Plumeria St,Honokaa,HI,96727-6902,"Corporate Entity, Federal Tax Exempt",-155.66843068,20.02078949,N,N,15001,Hawaii County,Hawaii,County            ,09,Region 9,15,Hawaii,1502,2,Hawaii District 02,HI-02,Jill N. Tokuda,Brian Schatz,Mazie K. Hirono,06/14/2025,
Federally Qualified Health Center (FQHC),H80CS00451,092160,BPS-H80-038188,"Hamakua-Kohala Health, Bank of Hawaii building",45-3568 Mamane St,Honokaa,HI,96727-6973,808-775-7204,,40.0,7,All Other Clinic Types,1,Active,,,1,Permanent,2,Service Delivery Site,1,Health Center/Applicant,0,Unknown,0,Unknown,02/02/2024,"HAMAKUA HEALTH CENTER, INC",45-549 Plumeria St,Honokaa,HI,96727-6902,"Corporate Entity, Federal Tax Exempt",-155.46754898,20.07900387,N,N,15001,Hawaii County,Hawaii,County            ,09,Region 9,15,Hawaii,1502,2,Hawaii District 02,HI-02,Jill N. Tokuda,Brian Schatz,Mazie K. Hirono,06/14/2025,
Federally Qualified Health Center (FQHC),H80CS00290,098550,BPS-H80-004110,HANA COMMUNITY HEALTH CENTER,4590 Hana Hwy,Hana,HI,96713,808-248-8294,www.hanahealth.org,58.0,7,All Other Clinic Types,1,Active,121822,,1,Permanent,3,Administrative/Service Delivery Site,1,Health Center/Applicant,1,Full-Time,1,Year-Round,01/07/1997,HANA HEALTH,4590 Hana Hwy,Hana,HI,96713,"Corporate Entity, Federal Tax Exempt",-155.99426367,20.76395149,N,N,15009,Maui County,Maui,County            ,09,Region 9,15,Hawaii,1502,2,Hawaii District 02,HI-02,Jill N. Tokuda,Brian Schatz,Mazie K. Hirono,06/14/2025,
Federally Qualified Health Center (FQHC),H80CS00053,092060,BPS-H80-032957,Waikiki Health Mobile Medical Unit #2,1414 Kalakaua Ave,Honolulu,HI,96826-1910,808-922-4787,https://waikikihc.org/,1.0,7,All Other Clinic Types,1,Active,CD758A,1952066474.0,5,Mobile Van,2,Service Delivery Site,1,Health Center/Applicant,0,Unknown,0,Unknown,08/25/2021,WAIKIKI HEALTH,277 Ohua Ave,Honolulu,HI,96815-6612,"Corporate Entity, Federal Tax Exempt",-157.83679947,21.29806794,N,N,15003,Honolulu County,Honolulu,County            ,09,Region 9,15,Hawaii,1501,1,Hawaii District 01,HI-01,Ed Case,Brian Schatz,Mazie K. Hirono,06/14/2025,
Federally Qualified Health Center (FQHC),H80CS00814,096010,BPS-H80-004457,KAAAHI CLINIC,546 Kaaahi St,Honolulu,HI,96817-4630,808-853-1700,www.kphc.org,40.0,7,All Other Clinic Types,1,Active,,,1,Permanent,2,Service Delivery Site,1,Health Center/Applicant,1,Full-Time,1,Year-Round,01/01/2001,KALIHI PALAMA HEALTH CENTER,915 N King St,Honolulu,HI,96817-4544,"Corporate Entity, Federal Tax Exempt",-157.86623006,21.31785418,N,N,15003,Honolulu County,Honolulu,County            ,09,Region 9,15,Hawaii,1501,1,Hawaii District 01,HI-01,Ed Case,Brian Schatz,Mazie K. Hirono,06/14/2025,
Federally Qualified Health Center (FQHC),H80CS06640,0924640,BPS-H80-011934,WHCHC - Waikoloa Family Medical,"68-1845 Waikoloa Rd, Ste 207",Waikoloa,HI,96738-5581,808-769-5160,,42.5,7,All Other Clinic Types,1,Active,121848,,1,Permanent,2,Service Delivery Site,1,Health Center/Applicant,1,Full-Time,1,Year-Round,07/25/2012,WEST HAWAII COMMUNITY HEALTH CENTER INC,75-5751 Kuakini Hwy,Kailua Kona,HI,96740-1735,"Corporate Entity, Federal Tax Exempt",-155.78762838,19.92687894,N,N,15001,Hawaii County,Hawaii,County            ,09,Region 9,15,Hawaii,1502,2,Hawaii District 02,HI-02,Jill N. Tokuda,Brian Schatz,Mazie K. Hirono,06/14/2025,
Federally Qualified Health Center (FQHC),H80CS00053,092060,BPS-H80-032958,Waikiki Health - Jarrett Middle School,1903 Palolo Ave,Honolulu,HI,96816-2928,808-922-4787,https://waikikihc.org/,14.0,2,School,1,Active,,1134898042.0,2,Seasonal,2,Service Delivery Site,1,Health Center/Applicant,0,Unknown,0,Unknown,08/25/2021,WAIKIKI HEALTH,277 Ohua Ave,Honolulu,HI,96815-6612,"Corporate Entity, Federal Tax Exempt",-157.79800464,21.2978395,N,N,15003,Honolulu County,Honolulu,County            ,09,Region 9,15,Hawaii,1501,1,Hawaii District 01,HI-01,Ed Case,Brian Schatz,Mazie K. Hirono,06/14/2025,
Federally Qualified Health Center (FQHC),H80CS00451,092160,BPS-H80-004556,HAMAKUA HEALTH CENTER,45-549 Plumeria St,Honokaa,HI,96727-6902,808-775-7204,www.hamakua-health.org,60.0,7,All Other Clinic Types,1,Active,121813,,1,Permanent,2,Service Delivery Site,1,Health Center/Applicant,1,Full-Time,1,Year-Round,05/01/2001,"HAMAKUA HEALTH CENTER, INC",45-549 Plumeria St,Honokaa,HI,96727-6902,"Corporate Entity, Federal Tax Exempt",-155.47154166,20.07569048,N,N,15001,Hawaii County,Hawaii,County            ,09,Region 9,15,Hawaii,1502,2,Hawaii District 02,HI-02,Jill N. Tokuda,Brian Schatz,Mazie K. Hirono,06/14/2025,
Federally Qualified Health Center (FQHC),H80CS02449,0912120,BPS-H80-029653,"Molokai Community Health Center, Building #1, suite 102, Dental Department",30 Oki Pl,Kaunakakai,HI,96748,808-553-5038,,40.0,7,All Other Clinic Types,1,Active,,,1,Permanent,2,Service Delivery Site,1,Health Center/Applicant,0,Unknown,0,Unknown,09/27/2019,MOLOKAI OHANA HEALTH CARE INC,30 Oki Pl,Kaunakakai,HI,96748,"Corporate Entity, Federal Tax Exempt",-157.01841045,21.08636484,N,N,15009,Maui County,Maui,County            ,09,Region 9,15,Hawaii,1502,2,Hawaii District 02,HI-02,Jill N. Tokuda,Brian Schatz,Mazie K. Hirono,06/14/2025,
Federally Qualified Health Center (FQHC),H80CS00053,092060,BPS-H80-007202,Waikiki Health Mobile Medical Unit  1,1414 Kalakaua Ave,Honolulu,HI,96826-1910,808-922-4787,www.waikikihc.org,28.0,7,All Other Clinic Types,1,Active,,1043975568.0,5,Mobile Van,2,Service Delivery Site,1,Health Center/Applicant,2,Part-Time,1,Year-Round,01/09/1988,WAIKIKI HEALTH,277 Ohua Ave,Honolulu,HI,96815-6612,"Corporate Entity, Federal Tax Exempt",-157.83679947,21.29806794,N,N,15003,Honolulu County,Honolulu,County            ,09,Region 9,15,Hawaii,1501,1,Hawaii District 01,HI-01,Ed Case,Brian Schatz,Mazie K. Hirono,06/14/2025,
Federally Qualified Health Center (FQHC),H80CS06640,0924640,BPS-H80-036343,Hilo Pediatrics,450 Kilauea Ave STE 103,Hilo,HI,96720-3089,808-333-3600,,40.0,7,All Other Clinic Types,1,Active,121872,1487256491.0,1,Permanent,3,Administrative/Service Delivery Site,1,Health Center/Applicant,0,Unknown,0,Unknown,07/01/2022,WEST HAWAII COMMUNITY HEALTH CENTER INC,75-5751 Kuakini Hwy,Kailua Kona,HI,96740-1735,"Corporate Entity, Federal Tax Exempt",-155.08204287,19.71944373,N,N,15001,Hawaii County,Hawaii,County            ,09,Region 9,15,Hawaii,1502,2,Hawaii District 02,HI-02,Jill N. Tokuda,Brian Schatz,Mazie K. Hirono,06/14/2025,
Federally Qualified Health Center (FQHC),H80CS00807,090990,BPS-H80-039335,Mobile Clinic #2,86-260 Farrington Hwy,Waianae,HI,96792-3128,808-697-3457,,8.0,2,School,1,Active,,,5,Mobile Van,2,Service Delivery Site,1,Health Center/Applicant,0,Unknown,0,Unknown,10/14/2024,"WAIANAE DISTRICT COMPREHENSIVE HEALTH AND HOSPITAL BOARD, INCORPORATED",86-260 Farrington Hwy,Waianae,HI,96792-3128,"Corporate Entity, Federal Tax Exempt",-158.180635,21.42935638,N,N,15003,Honolulu County,Honolulu,County            ,09,Region 9,15,Hawaii,1502,2,Hawaii District 02,HI-02,Jill N. Tokuda,Brian Schatz,Mazie K. Hirono,06/14/2025,
Federally Qualified Health Center (FQHC),H80CS00646,092290,BPS-H80-027251,Waimanalo Health Center - Hale Ola `Alua,41-1295 Kalanianaole Hwy,Waimanalo,HI,96795-1536,808-259-7948,,56.0,7,All Other Clinic Types,1,Active,121868,,1,Permanent,2,Service Delivery Site,1,Health Center/Applicant,0,Unknown,0,Unknown,12/21/2018,WAIMANALO HEALTH CENTER,41-1347 Kalanianaole Hwy,Waimanalo,HI,96795-1247,"Corporate Entity, Federal Tax Exempt",-157.71430455,21.34685372,N,N,15003,Honolulu County,Honolulu,County            ,09,Region 9,15,Hawaii,1502,2,Hawaii District 02,HI-02,Jill N. Tokuda,Brian Schatz,Mazie K. Hirono,06/14/2025,
Federally Qualified Health Center (FQHC),H80CS00852,091290,BPS-H80-004848,HO'OLA LAHUI HAWAI'I,4800 Kawaihau Rd STE D,Kapaa,HI,96746-1964,808-240-0170,www.hoolalahui.org,40.0,1,Hospital,1,Active,121821,,1,Permanent,2,Service Delivery Site,1,Health Center/Applicant,1,Full-Time,1,Year-Round,01/04/2004,HO-OLA LAHUI HAWAII INC,"4491 Rice St, Ste 106",Lihue,HI,96766-1805,"Corporate Entity, Federal Tax Exempt",-159.31291277,22.08351145,N,N,15007,Kauai County,Kauai,County            ,09,Region 9,15,Hawaii,1502,2,Hawaii District 02,HI-02,Jill N. Tokuda,Brian Schatz,Mazie K. Hirono,06/14/2025,
Federally Qualified Health Center (FQHC),H80CS06640,0924640,BPS-H80-036106,Wailuku Family Health Center,305 Wailuku Dr STE 2A,Hilo,HI,96720-2488,808-933-2982,,40.0,7,All Other Clinic Types,1,Active,,,1,Permanent,2,Service Delivery Site,1,Health Center/Applicant,0,Unknown,0,Unknown,07/01/2022,WEST HAWAII COMMUNITY HEALTH CENTER INC,75-5751 Kuakini Hwy,Kailua Kona,HI,96740-1735,"Corporate Entity, Federal Tax Exempt",-155.09115987,19.72557258,N,N,15001,Hawaii County,Hawaii,County            ,09,Region 9,15,Hawaii,1502,2,Hawaii District 02,HI-02,Jill N. Tokuda,Brian Schatz,Mazie K. Hirono,06/14/2025,
Federally Qualified Health Center (FQHC),H80CS00852,091290,BPS-H80-021239,HLH Administration,2975 Haleko Rd STE 306,Lihue,HI,96766-1366,808-240-0113,,,7,All Other Clinic Types,1,Active,,,1,Permanent,1,Administrative,1,Health Center/Applicant,0,Unknown,0,Unknown,10/05/2017,HO-OLA LAHUI HAWAII INC,"4491 Rice St, Ste 106",Lihue,HI,96766-1805,"Corporate Entity, Federal Tax Exempt",-159.37008825,21.97462097,N,N,15007,Kauai County,Kauai,County            ,09,Region 9,15,Hawaii,1502,2,Hawaii District 02,HI-02,Jill N. Tokuda,Brian Schatz,Mazie K. Hirono,06/14/2025,
Federally Qualified Health Center (FQHC),H80CS00807,090990,BPS-H80-012257,West O`ahu Community Health,599 Farrington Hwy BLDG 1,Kapolei,HI,96707-2028,808-697-3800,www.wcchc.com,45.0,7,All Other Clinic Types,1,Active,,,1,Permanent,2,Service Delivery Site,1,Health Center/Applicant,1,Full-Time,1,Year-Round,01/02/2013,"WAIANAE DISTRICT COMPREHENSIVE HEALTH AND HOSPITAL BOARD, INCORPORATED",86-260 Farrington Hwy,Waianae,HI,96792-3128,"Corporate Entity, Federal Tax Exempt",-158.07626153,21.33980962,N,N,15003,Honolulu County,Honolulu,County            ,09,Region 9,15,Hawaii,1501,1,Hawaii District 01,HI-01,Ed Case,Brian Schatz,Mazie K. Hirono,06/14/2025,
Federally Qualified Health Center (FQHC),H80CS00807,090990,BPS-H80-013815,Kamaile Olakino Maika'i Health Center,85-180 Ala Akau St,Waianae,HI,96792-2323,808-697-3496,www.wcchc.com,10.0,2,School,1,Active,,,1,Permanent,2,Service Delivery Site,1,Health Center/Applicant,2,Part-Time,1,Year-Round,04/30/2014,"WAIANAE DISTRICT COMPREHENSIVE HEALTH AND HOSPITAL BOARD, INCORPORATED",86-260 Farrington Hwy,Waianae,HI,96792-3128,"Corporate Entity, Federal Tax Exempt",-158.19510359,21.45644166,N,N,15003,Honolulu County,Honolulu,County            ,09,Region 9,15,Hawaii,1502,2,Hawaii District 02,HI-02,Jill N. Tokuda,Brian Schatz,Mazie K. Hirono,06/14/2025,
Federally Qualified Health Center (FQHC),H80CS00290,098550,BPS-H80-037425,HANA HIGH AND ELEMENTARY SCHOOL,4111 Hana Hwy,Hana,HI,96713,808-248-4815,www.hanahealth.org,36.0,2,School,1,Active,,,1,Permanent,2,Service Delivery Site,1,Health Center/Applicant,0,Unknown,0,Unknown,09/01/2023,HANA HEALTH,4590 Hana Hwy,Hana,HI,96713,"Corporate Entity, Federal Tax Exempt",-156.00045546,20.77558076,N,N,15009,Maui County,Maui,County            ,09,Region 9,15,Hawaii,1502,2,Hawaii District 02,HI-02,Jill N. Tokuda,Brian Schatz,Mazie K. Hirono,06/14/2025,
Federally Qualified Health Center (FQHC) Look-Alike,LALCS31600,09E01287,BPS-LAL-027824,Wahiawa Health - Mobile,302 California Ave STE 106,Wahiawa,HI,96786-1841,808-622-1618,www.wahiawahealth.org,20.0,7,All Other Clinic Types,1,Active,,,5,Mobile Van,2,Service Delivery Site,1,Health Center/Applicant,0,Unknown,0,Unknown,05/15/2019,THE WAHIAWA CENTER FOR COMMUNITY HEALTH,302 CALIFORNIA AVE STE 106A,WAHIAWA,HI,96786,,-158.03120394,21.49541835,N,N,15003,Honolulu County,Honolulu,County            ,09,Region 9,15,Hawaii,1502,2,Hawaii District 02,HI-02,Jill N. Tokuda,Brian Schatz,Mazie K. Hirono,06/14/2025,
Federally Qualified Health Center (FQHC),H80CS00852,091290,BPS-H80-021240,HLH Administration,2975 Haleko Rd STE 305,Lihue,HI,96766-1366,808-240-0113,,,7,All Other Clinic Types,1,Active,,,1,Permanent,1,Administrative,1,Health Center/Applicant,0,Unknown,0,Unknown,10/05/2017,HO-OLA LAHUI HAWAII INC,"4491 Rice St, Ste 106",Lihue,HI,96766-1805,"Corporate Entity, Federal Tax Exempt",-159.37008825,21.97462097,N,N,15007,Kauai County,Kauai,County            ,09,Region 9,15,Hawaii,1502,2,Hawaii District 02,HI-02,Jill N. Tokuda,Brian Schatz,Mazie K. Hirono,06/14/2025,
Federally Qualified Health Center (FQHC) Look-Alike,LALCS31600,09E01287,BPS-LAL-021547,"Wahiawa Health - Finance, Billing/Coding, HR",302 California Ave STE 208,Wahiawa,HI,96786-1841,808-622-1618,www.wahiawahealth.org,45.0,7,All Other Clinic Types,1,Active,121862,,1,Permanent,1,Administrative,1,Health Center/Applicant,0,Unknown,0,Unknown,01/01/2018,THE WAHIAWA CENTER FOR COMMUNITY HEALTH,302 CALIFORNIA AVE STE 106A,WAHIAWA,HI,96786,,-158.03117904,21.49538147,N,N,15003,Honolulu County,Honolulu,County            ,09,Region 9,15,Hawaii,1502,2,Hawaii District 02,HI-02,Jill N. Tokuda,Brian Schatz,Mazie K. Hirono,06/14/2025,
Federally Qualified Health Center (FQHC),H80CS00852,091290,BPS-H80-021237,HLH Administration,2975 Haleko Rd STE 309,Lihue,HI,96766-1366,808-240-0113,,,7,All Other Clinic Types,1,Active,,,1,Permanent,1,Administrative,1,Health Center/Applicant,0,Unknown,0,Unknown,10/05/2017,HO-OLA LAHUI HAWAII INC,"4491 Rice St, Ste 106",Lihue,HI,96766-1805,"Corporate Entity, Federal Tax Exempt",-159.37008825,21.97462097,N,N,15007,Kauai County,Kauai,County            ,09,Region 9,15,Hawaii,1502,2,Hawaii District 02,HI-02,Jill N. Tokuda,Brian Schatz,Mazie K. Hirono,06/14/2025,
Federally Qualified Health Center (FQHC),H80CS06640,0924640,BPS-H80-035016,WHCHC Kealakehe Elementary SBHC,74-5118 Kealakaa St,Kailua Kona,HI,96740-1520,808-326-5629,www.westhawaiichc.org,32.0,2,School,1,Active,,,1,Permanent,2,Service Delivery Site,1,Health Center/Applicant,0,Unknown,0,Unknown,05/01/2022,WEST HAWAII COMMUNITY HEALTH CENTER INC,75-5751 Kuakini Hwy,Kailua Kona,HI,96740-1735,"Corporate Entity, Federal Tax Exempt",-155.9825011,19.66950547,N,N,15001,Hawaii County,Hawaii,County            ,09,Region 9,15,Hawaii,1502,2,Hawaii District 02,HI-02,Jill N. Tokuda,Brian Schatz,Mazie K. Hirono,06/14/2025,
Federally Qualified Health Center (FQHC),H80CS00807,090990,BPS-H80-001879,Waipahu Family Health Center,94-428 Mokuola St STE 108B,Waipahu,HI,96797-3396,808-697-3300,www.wcchc.com,44.0,7,All Other Clinic Types,1,Active,121832,1730253626.0,1,Permanent,2,Service Delivery Site,1,Health Center/Applicant,1,Full-Time,1,Year-Round,02/07/2005,"WAIANAE DISTRICT COMPREHENSIVE HEALTH AND HOSPITAL BOARD, INCORPORATED",86-260 Farrington Hwy,Waianae,HI,96792-3128,"Corporate Entity, Federal Tax Exempt",-158.00603032,21.38765725,N,N,15003,Honolulu County,Honolulu,County            ,09,Region 9,15,Hawaii,1501,1,Hawaii District 01,HI-01,Ed Case,Brian Schatz,Mazie K. Hirono,06/14/2025,
Federally Qualified Health Center (FQHC),H80CS00807,090990,BPS-H80-009450,West O`ahu Community Health,599 Farrington Hwy STE 100,Kapolei,HI,96707-2028,808-697-3300,www.wcchc.com,55.5,7,All Other Clinic Types,1,Active,121831,1356416986.0,1,Permanent,2,Service Delivery Site,1,Health Center/Applicant,2,Part-Time,1,Year-Round,05/04/2010,"WAIANAE DISTRICT COMPREHENSIVE HEALTH AND HOSPITAL BOARD, INCORPORATED",86-260 Farrington Hwy,Waianae,HI,96792-3128,"Corporate Entity, Federal Tax Exempt",-158.07626153,21.33980962,N,N,15003,Honolulu County,Honolulu,County            ,09,Region 9,15,Hawaii,1501,1,Hawaii District 01,HI-01,Ed Case,Brian Schatz,Mazie K. Hirono,06/14/2025,
Federally Qualified Health Center (FQHC),H80CS00451,092160,BPS-H80-010543,Mobile Dental Van,45-549 Plumeria St,Honokaa,HI,96727-6902,808-333-8410,www.hamakua-health.org,60.0,7,All Other Clinic Types,1,Active,,1013993146.0,5,Mobile Van,2,Service Delivery Site,1,Health Center/Applicant,1,Full-Time,1,Year-Round,05/13/2011,"HAMAKUA HEALTH CENTER, INC",45-549 Plumeria St,Honokaa,HI,96727-6902,"Corporate Entity, Federal Tax Exempt",-155.47154166,20.07569048,N,N,15001,Hawaii County,Hawaii,County            ,09,Region 9,15,Hawaii,1502,2,Hawaii District 02,HI-02,Jill N. Tokuda,Brian Schatz,Mazie K. Hirono,06/14/2025,
Federally Qualified Health Center (FQHC),H80CS02449,0912120,BPS-H80-008784,Molokai Community Health Center,30 Oki Pl,Kaunakakai,HI,96748,808-553-5038,www.molokaichc.org,50.0,7,All Other Clinic Types,1,Active,121824,,1,Permanent,3,Administrative/Service Delivery Site,1,Health Center/Applicant,1,Full-Time,1,Year-Round,06/29/2009,MOLOKAI OHANA HEALTH CARE INC,30 Oki Pl,Kaunakakai,HI,96748,"Corporate Entity, Federal Tax Exempt",-157.01841045,21.08636484,N,N,15009,Maui County,Maui,County            ,09,Region 9,15,Hawaii,1502,2,Hawaii District 02,HI-02,Jill N. Tokuda,Brian Schatz,Mazie K. Hirono,06/14/2025,
Federally Qualified Health Center (FQHC),H80CS02449,0912120,BPS-H80-029656,"Molokai Community Health Center, buidling #8, Health Education and Nurtitional Counseling Department",30 Oki Pl,Kaunakakai,HI,96748,808-553-5038,,44.0,7,All Other Clinic Types,1,Active,,,1,Permanent,2,Service Delivery Site,1,Health Center/Applicant,0,Unknown,0,Unknown,09/27/2019,MOLOKAI OHANA HEALTH CARE INC,30 Oki Pl,Kaunakakai,HI,96748,"Corporate Entity, Federal Tax Exempt",-157.01841045,21.08636484,N,N,15009,Maui County,Maui,County            ,09,Region 9,15,Hawaii,1502,2,Hawaii District 02,HI-02,Jill N. Tokuda,Brian Schatz,Mazie K. Hirono,06/14/2025,
Federally Qualified Health Center (FQHC),H80CS06640,0924640,BPS-H80-035079,WHCHC Kealakehe Intermediate SBHC,74-5062 Onipaa St,Kailua Kona,HI,96740-1484,808-326-5629,www.westhawaiichc.org,16.0,2,School,1,Active,,,1,Permanent,2,Service Delivery Site,1,Health Center/Applicant,0,Unknown,0,Unknown,05/01/2022,WEST HAWAII COMMUNITY HEALTH CENTER INC,75-5751 Kuakini Hwy,Kailua Kona,HI,96740-1735,"Corporate Entity, Federal Tax Exempt",-155.98483998,19.67064219,N,N,15001,Hawaii County,Hawaii,County            ,09,Region 9,15,Hawaii,1502,2,Hawaii District 02,HI-02,Jill N. Tokuda,Brian Schatz,Mazie K. Hirono,06/14/2025,
Federally Qualified Health Center (FQHC),H80CS00722,096040,BPS-H80-038961,2050 Administration,"2050 Main St, #2B",Wailuku,HI,96793-1685,808-871-7772,,40.0,7,All Other Clinic Types,1,Active,,,1,Permanent,1,Administrative,1,Health Center/Applicant,0,Unknown,0,Unknown,07/26/2024,"COMMUNITY CLINIC OF MAUI, INC.",1881 Nani St,Wailuku,HI,96793-1811,"Corporate Entity, Federal Tax Exempt",-156.50247966,20.88760179,N,N,15009,Maui County,Maui,County            ,09,Region 9,15,Hawaii,1502,2,Hawaii District 02,HI-02,Jill N. Tokuda,Brian Schatz,Mazie K. Hirono,06/14/2025,
Federally Qualified Health Center (FQHC),H80CS00776,093410,BPS-H80-003578,Kokua Kalihi Valley Gulick Elder Center,1846 Gulick Ave,Honolulu,HI,96819-4212,808-848-0977,www.kkv.net,14.0,7,All Other Clinic Types,1,Active,121838,1689896953.0,1,Permanent,3,Administrative/Service Delivery Site,1,Health Center/Applicant,1,Full-Time,1,Year-Round,12/15/1973,KOKUA KALIHI VALLEY (COMPREHENSIVE FAMILY SERVICES),2239 N School St,Honolulu,HI,96819-2539,"Corporate Entity, Federal Tax Exempt",-157.86883977,21.34165451,N,N,15003,Honolulu County,Honolulu,County            ,09,Region 9,15,Hawaii,1501,1,Hawaii District 01,HI-01,Ed Case,Brian Schatz,Mazie K. Hirono,06/14/2025,
Federally Qualified Health Center (FQHC),H80CS06641,0925370,BPS-H80-007708,Kahuku,56-119 Pualalea St,Kahuku,HI,96731-2052,808-293-9231,www.koolauloachc.org,44.0,7,All Other Clinic Types,1,Active,121843,1528026952.0,1,Permanent,2,Service Delivery Site,1,Health Center/Applicant,1,Full-Time,1,Year-Round,12/08/2008,KO'OLAULOA HEALTH CENTER,56-119 Pualalea St,Kahuku,HI,96731-2052,"Corporate Entity, Federal Tax Exempt",-157.95224985,21.67646804,N,N,15003,Honolulu County,Honolulu,County            ,09,Region 9,15,Hawaii,1502,2,Hawaii District 02,HI-02,Jill N. Tokuda,Brian Schatz,Mazie K. Hirono,06/14/2025,
Federally Qualified Health Center (FQHC),H80CS00807,090990,BPS-H80-003927,MALAMA RECOVERY SERVICES,89-188 Farrington Hwy,Waianae,HI,96792-4124,808-697-3300,www.wcchc.com,40.0,7,All Other Clinic Types,1,Active,,,1,Permanent,2,Service Delivery Site,1,Health Center/Applicant,1,Full-Time,1,Year-Round,01/02/2001,"WAIANAE DISTRICT COMPREHENSIVE HEALTH AND HOSPITAL BOARD, INCORPORATED",86-260 Farrington Hwy,Waianae,HI,96792-3128,"Corporate Entity, Federal Tax Exempt",-158.14381388,21.37995822,N,N,15003,Honolulu County,Honolulu,County            ,09,Region 9,15,Hawaii,1502,2,Hawaii District 02,HI-02,Jill N. Tokuda,Brian Schatz,Mazie K. Hirono,06/14/2025,
Federally Qualified Health Center (FQHC),H80CS00814,096010,BPS-H80-004166,OPTOMETRY/ADMIN,888 N King St,Honolulu,HI,96817-4595,808-841-0011,www.kphc.org,40.0,7,All Other Clinic Types,1,Active,,,1,Permanent,3,Administrative/Service Delivery Site,1,Health Center/Applicant,1,Full-Time,1,Year-Round,03/03/2007,KALIHI PALAMA HEALTH CENTER,915 N King St,Honolulu,HI,96817-4544,"Corporate Entity, Federal Tax Exempt",-157.86766965,21.32259319,N,N,15003,Honolulu County,Honolulu,County            ,09,Region 9,15,Hawaii,1501,1,Hawaii District 01,HI-01,Ed Case,Brian Schatz,Mazie K. Hirono,06/14/2025,
Federally Qualified Health Center (FQHC),H80CS00807,090990,BPS-H80-004284,LEEWARD PEDIATRICS,87-2070 Farrington Hwy,Waianae,HI,96792-3757,808-697-3300,www.wcchc.com,44.0,7,All Other Clinic Types,1,Active,121802,1295928497.0,1,Permanent,2,Service Delivery Site,1,Health Center/Applicant,1,Full-Time,1,Year-Round,01/02/1991,"WAIANAE DISTRICT COMPREHENSIVE HEALTH AND HOSPITAL BOARD, INCORPORATED",86-260 Farrington Hwy,Waianae,HI,96792-3128,"Corporate Entity, Federal Tax Exempt",-158.15114227,21.38675946,N,N,15003,Honolulu County,Honolulu,County            ,09,Region 9,15,Hawaii,1502,2,Hawaii District 02,HI-02,Jill N. Tokuda,Brian Schatz,Mazie K. Hirono,06/14/2025,
Federally Qualified Health Center (FQHC),H80CS00852,091290,BPS-H80-036882,HLH Mobile East,4800 Kawaihau Rd STE D,Kapaa,HI,96746-1964,808-240-0100,,40.0,7,All Other Clinic Types,1,Active,,,5,Mobile Van,2,Service Delivery Site,1,Health Center/Applicant,0,Unknown,0,Unknown,07/07/2023,HO-OLA LAHUI HAWAII INC,"4491 Rice St, Ste 106",Lihue,HI,96766-1805,"Corporate Entity, Federal Tax Exempt",-159.31291277,22.08351145,N,N,15007,Kauai County,Kauai,County            ,09,Region 9,15,Hawaii,1502,2,Hawaii District 02,HI-02,Jill N. Tokuda,Brian Schatz,Mazie K. Hirono,06/14/2025,
Federally Qualified Health Center (FQHC),H80CS06640,0924640,BPS-H80-013918,WHCHC -- Kealakekua Adult Health,81-980 Halekii St STE 107,Kealakekua,HI,96750-8177,808-324-0703,,47.5,7,All Other Clinic Types,1,Active,121852,,1,Permanent,2,Service Delivery Site,1,Health Center/Applicant,1,Full-Time,1,Year-Round,06/10/2014,WEST HAWAII COMMUNITY HEALTH CENTER INC,75-5751 Kuakini Hwy,Kailua Kona,HI,96740-1735,"Corporate Entity, Federal Tax Exempt",-155.92173204,19.51854137,N,N,15001,Hawaii County,Hawaii,County            ,09,Region 9,15,Hawaii,1502,2,Hawaii District 02,HI-02,Jill N. Tokuda,Brian Schatz,Mazie K. Hirono,06/14/2025,
Federally Qualified Health Center (FQHC),H80CS00807,090990,BPS-H80-038878,Makaha Health,84-225 Ala Naauao Pl,Waianae,HI,96792-1840,808-697-3457,,40.0,7,All Other Clinic Types,1,Active,,,1,Permanent,2,Service Delivery Site,1,Health Center/Applicant,0,Unknown,0,Unknown,07/08/2024,"WAIANAE DISTRICT COMPREHENSIVE HEALTH AND HOSPITAL BOARD, INCORPORATED",86-260 Farrington Hwy,Waianae,HI,96792-3128,"Corporate Entity, Federal Tax Exempt",-158.2119893,21.46974388,N,N,15003,Honolulu County,Honolulu,County            ,09,Region 9,15,Hawaii,1502,2,Hawaii District 02,HI-02,Jill N. Tokuda,Brian Schatz,Mazie K. Hirono,06/14/2025,
Federally Qualified Health Center (FQHC),H80CS00807,090990,BPS-H80-007278,MOBILE SERVICE VAN,86-260 Farrington Hwy,Waianae,HI,96792-3128,808-697-3300,www.wcchc.com,6.0,7,All Other Clinic Types,1,Active,,,5,Mobile Van,2,Service Delivery Site,1,Health Center/Applicant,2,Part-Time,1,Year-Round,01/01/1988,"WAIANAE DISTRICT COMPREHENSIVE HEALTH AND HOSPITAL BOARD, INCORPORATED",86-260 Farrington Hwy,Waianae,HI,96792-3128,"Corporate Entity, Federal Tax Exempt",-158.180635,21.42935638,N,N,15003,Honolulu County,Honolulu,County            ,09,Region 9,15,Hawaii,1502,2,Hawaii District 02,HI-02,Jill N. Tokuda,Brian Schatz,Mazie K. Hirono,06/14/2025,
Federally Qualified Health Center (FQHC),H80CS00814,096010,BPS-H80-018125,710 North King Street,710 N King St,Honolulu,HI,96817-5769,808-791-6315,www.kphc.org,40.0,7,All Other Clinic Types,1,Active,121861,1457304966.0,1,Permanent,2,Service Delivery Site,1,Health Center/Applicant,0,Unknown,0,Unknown,06/16/2016,KALIHI PALAMA HEALTH CENTER,915 N King St,Honolulu,HI,96817-4544,"Corporate Entity, Federal Tax Exempt",-157.86610282,21.32037005,N,N,15003,Honolulu County,Honolulu,County            ,09,Region 9,15,Hawaii,1501,1,Hawaii District 01,HI-01,Ed Case,Brian Schatz,Mazie K. Hirono,06/14/2025,
Federally Qualified Health Center (FQHC),H80CS02449,0912120,BPS-H80-032311,"Temporary Site - The Great Room, Bldg. 10",30 Oki Pl,Kaunakakai,HI,96748,808-660-2598,,40.0,7,All Other Clinic Types,1,Active,,,2,Seasonal,2,Service Delivery Site,1,Health Center/Applicant,0,Unknown,0,Unknown,04/08/2021,MOLOKAI OHANA HEALTH CARE INC,30 Oki Pl,Kaunakakai,HI,96748,"Corporate Entity, Federal Tax Exempt",-157.01841045,21.08636484,N,N,15009,Maui County,Maui,County            ,09,Region 9,15,Hawaii,1502,2,Hawaii District 02,HI-02,Jill N. Tokuda,Brian Schatz,Mazie K. Hirono,06/14/2025,
Federally Qualified Health Center (FQHC),H80CS00722,096040,BPS-H80-005024,Community Clinic of Maui KHAO Satellite Clinic,670 Waiale Rd,Wailuku,HI,96793-2375,808-244-0220,,35.0,7,All Other Clinic Types,1,Active,121819,1225281793.0,1,Permanent,2,Service Delivery Site,1,Health Center/Applicant,1,Full-Time,1,Year-Round,07/01/2000,"COMMUNITY CLINIC OF MAUI, INC.",1881 Nani St,Wailuku,HI,96793-1811,"Corporate Entity, Federal Tax Exempt",-156.49936126,20.8755189,N,N,15009,Maui County,Maui,County            ,09,Region 9,15,Hawaii,1502,2,Hawaii District 02,HI-02,Jill N. Tokuda,Brian Schatz,Mazie K. Hirono,06/14/2025,
Federally Qualified Health Center (FQHC),H80CS06640,0924640,BPS-H80-011371,WHCHC -- Kealakehe Family Medical and Dental,Keanalehu Dr,Kailua Kona,HI,96740,808-355-5600,www.westhawaiichc.org,42.5,7,All Other Clinic Types,1,Active,121855,1053703066.0,1,Permanent,2,Service Delivery Site,1,Health Center/Applicant,1,Full-Time,1,Year-Round,05/01/2012,WEST HAWAII COMMUNITY HEALTH CENTER INC,75-5751 Kuakini Hwy,Kailua Kona,HI,96740-1735,"Corporate Entity, Federal Tax Exempt",-155.99573775,19.66885959,N,N,15001,Hawaii County,Hawaii,County            ,09,Region 9,15,Hawaii,1502,2,Hawaii District 02,HI-02,Jill N. Tokuda,Brian Schatz,Mazie K. Hirono,06/14/2025,
Federally Qualified Health Center (FQHC),H80CS00807,090990,BPS-H80-032121,James and Abigail Campbell Clinic,89-102 Farrington Hwy UNIT 3000,Waianae,HI,96792-4160,808-697-3900,www.wcchc..com,40.0,7,All Other Clinic Types,1,Active,,,1,Permanent,2,Service Delivery Site,1,Health Center/Applicant,0,Unknown,0,Unknown,03/04/2021,"WAIANAE DISTRICT COMPREHENSIVE HEALTH AND HOSPITAL BOARD, INCORPORATED",86-260 Farrington Hwy,Waianae,HI,96792-3128,"Corporate Entity, Federal Tax Exempt",-158.14345648,21.38153414,N,N,15003,Honolulu County,Honolulu,County            ,09,Region 9,15,Hawaii,1502,2,Hawaii District 02,HI-02,Jill N. Tokuda,Brian Schatz,Mazie K. Hirono,06/14/2025,
Federally Qualified Health Center (FQHC),H80CS00646,092290,BPS-H80-030865,Mobile Van,41-1347 Kalanianaole Hwy,Waimanalo,HI,96795-1247,808-259-7948 x97948,,2.0,7,All Other Clinic Types,1,Active,,,5,Mobile Van,2,Service Delivery Site,1,Health Center/Applicant,0,Unknown,0,Unknown,06/08/2020,WAIMANALO HEALTH CENTER,41-1347 Kalanianaole Hwy,Waimanalo,HI,96795-1247,"Corporate Entity, Federal Tax Exempt",-157.71618896,21.34713439,N,N,15003,Honolulu County,Honolulu,County            ,09,Region 9,15,Hawaii,1502,2,Hawaii District 02,HI-02,Jill N. Tokuda,Brian Schatz,Mazie K. Hirono,06/14/2025,
Federally Qualified Health Center (FQHC) Look-Alike,LALCS31600,09E01287,BPS-LAL-031876,Wahiawa Health - Behavioral Health,302 California Ave STE 214,Wahiawa,HI,96786-1841,808-622-1618,www.wahiawahealth.org,48.0,7,All Other Clinic Types,1,Active,,,1,Permanent,2,Service Delivery Site,1,Health Center/Applicant,0,Unknown,0,Unknown,10/07/2020,THE WAHIAWA CENTER FOR COMMUNITY HEALTH,302 CALIFORNIA AVE STE 106A,WAHIAWA,HI,96786,,-158.03117904,21.49538147,N,N,15003,Honolulu County,Honolulu,County            ,09,Region 9,15,Hawaii,1502,2,Hawaii District 02,HI-02,Jill N. Tokuda,Brian Schatz,Mazie K. Hirono,06/14/2025,
Federally Qualified Health Center (FQHC),H80CS02449,0912120,BPS-H80-028306,"Molokai Community Health Center, Building #10, Registration Department",30 Oki Pl,Kaunakakai,HI,96748,808-553-5038,,44.0,7,All Other Clinic Types,1,Active,,,1,Permanent,1,Administrative,1,Health Center/Applicant,0,Unknown,0,Unknown,09/04/2019,MOLOKAI OHANA HEALTH CARE INC,30 Oki Pl,Kaunakakai,HI,96748,"Corporate Entity, Federal Tax Exempt",-157.01841045,21.08636484,N,N,15009,Maui County,Maui,County            ,09,Region 9,15,Hawaii,1502,2,Hawaii District 02,HI-02,Jill N. Tokuda,Brian Schatz,Mazie K. Hirono,06/14/2025,
Federally Qualified Health Center (FQHC),H80CS00807,090990,BPS-H80-015755,Waianae Intermediate School School-based Health Center,85-626 Farrington Hwy,Waianae,HI,96792-2419,808-697-3457,www.wcchc.com,40.0,2,School,1,Active,,,1,Permanent,2,Service Delivery Site,1,Health Center/Applicant,0,Unknown,0,Unknown,08/11/2015,"WAIANAE DISTRICT COMPREHENSIVE HEALTH AND HOSPITAL BOARD, INCORPORATED",86-260 Farrington Hwy,Waianae,HI,96792-3128,"Corporate Entity, Federal Tax Exempt",-158.19322319,21.4514761,N,N,15003,Honolulu County,Honolulu,County            ,09,Region 9,15,Hawaii,1502,2,Hawaii District 02,HI-02,Jill N. Tokuda,Brian Schatz,Mazie K. Hirono,06/14/2025,
Federally Qualified Health Center (FQHC),H80CS06640,0924640,BPS-H80-000003,WHCHC -- Kealakekua Keiki  Medical,"81-6627 Mamalahoa Hwy, Ste 106",Kealakekua,HI,96750-8180,808-323-8005,www.westhawaiichc.org,40.0,7,All Other Clinic Types,1,Active,121849,,1,Permanent,2,Service Delivery Site,1,Health Center/Applicant,1,Full-Time,1,Year-Round,04/21/2008,WEST HAWAII COMMUNITY HEALTH CENTER INC,75-5751 Kuakini Hwy,Kailua Kona,HI,96740-1735,"Corporate Entity, Federal Tax Exempt",-155.92054432,19.51581964,N,N,15001,Hawaii County,Hawaii,County            ,09,Region 9,15,Hawaii,1502,2,Hawaii District 02,HI-02,Jill N. Tokuda,Brian Schatz,Mazie K. Hirono,06/14/2025,
Federally Qualified Health Center (FQHC) Look-Alike,LALCS31600,09E01287,BPS-LAL-032489,Wahiawa Center for Community Health - Admin,"302 California Ave, Ste 217",Wahiawa,HI,96786-1841,808-622-1618,https://www.wahiawahealth.org/,,7,All Other Clinic Types,1,Active,,,1,Permanent,1,Administrative,1,Health Center/Applicant,0,Unknown,0,Unknown,05/19/2021,THE WAHIAWA CENTER FOR COMMUNITY HEALTH,302 CALIFORNIA AVE STE 106A,WAHIAWA,HI,96786,,-158.03120394,21.49541835,N,N,15003,Honolulu County,Honolulu,County            ,09,Region 9,15,Hawaii,1502,2,Hawaii District 02,HI-02,Jill N. Tokuda,Brian Schatz,Mazie K. Hirono,06/14/2025,
Federally Qualified Health Center (FQHC),H80CS00807,090990,BPS-H80-029453,Waipahu Family Health Center,94-428 Mokuola St STE 213,Waipahu,HI,96797-3396,808-697-3839,,40.0,7,All Other Clinic Types,1,Active,,,1,Permanent,2,Service Delivery Site,1,Health Center/Applicant,0,Unknown,0,Unknown,09/20/2019,"WAIANAE DISTRICT COMPREHENSIVE HEALTH AND HOSPITAL BOARD, INCORPORATED",86-260 Farrington Hwy,Waianae,HI,96792-3128,"Corporate Entity, Federal Tax Exempt",-158.00594407,21.38761852,N,N,15003,Honolulu County,Honolulu,County            ,09,Region 9,15,Hawaii,1501,1,Hawaii District 01,HI-01,Ed Case,Brian Schatz,Mazie K. Hirono,06/14/2025,
Federally Qualified Health Center (FQHC),H80CS00814,096010,BPS-H80-000462,BEHAVIORAL HEALTH/MEDICAL/HEALTH EDUCATION/ADMINISTRATION,952 N King St,Honolulu,HI,96817-4556,808-841-7981,www.kphc.org,46.0,7,All Other Clinic Types,1,Active,,,1,Permanent,3,Administrative/Service Delivery Site,1,Health Center/Applicant,1,Full-Time,1,Year-Round,01/01/2000,KALIHI PALAMA HEALTH CENTER,915 N King St,Honolulu,HI,96817-4544,"Corporate Entity, Federal Tax Exempt",-157.86813225,21.32352442,N,N,15003,Honolulu County,Honolulu,County            ,09,Region 9,15,Hawaii,1501,1,Hawaii District 01,HI-01,Ed Case,Brian Schatz,Mazie K. Hirono,06/14/2025,
Federally Qualified Health Center (FQHC),H80CS00807,090990,BPS-H80-037312,Mobile Clinic,86-260 Farrington Hwy,Waianae,HI,96792-3128,808-697-3457,,24.0,7,All Other Clinic Types,1,Active,,,5,Mobile Van,2,Service Delivery Site,1,Health Center/Applicant,0,Unknown,0,Unknown,09/24/2023,"WAIANAE DISTRICT COMPREHENSIVE HEALTH AND HOSPITAL BOARD, INCORPORATED",86-260 Farrington Hwy,Waianae,HI,96792-3128,"Corporate Entity, Federal Tax Exempt",-158.180635,21.42935638,N,N,15003,Honolulu County,Honolulu,County            ,09,Region 9,15,Hawaii,1502,2,Hawaii District 02,HI-02,Jill N. Tokuda,Brian Schatz,Mazie K. Hirono,06/14/2025,
Federally Qualified Health Center (FQHC),H80CS06640,0924640,BPS-H80-036098,Hilo Woman's Health Center,73 Puuhonu Pl,Hilo,HI,96720-2060,808-333-3600,,50.0,7,All Other Clinic Types,1,Active,121840,1568784304.0,1,Permanent,2,Service Delivery Site,1,Health Center/Applicant,0,Unknown,0,Unknown,07/01/2022,WEST HAWAII COMMUNITY HEALTH CENTER INC,75-5751 Kuakini Hwy,Kailua Kona,HI,96740-1735,"Corporate Entity, Federal Tax Exempt",-155.0976162,19.71688021,N,N,15001,Hawaii County,Hawaii,County            ,09,Region 9,15,Hawaii,1502,2,Hawaii District 02,HI-02,Jill N. Tokuda,Brian Schatz,Mazie K. Hirono,06/14/2025,
Federally Qualified Health Center (FQHC),H80CS00814,096010,BPS-H80-001861,KALIHI-PALAMA HEALTH CENTER,915 N King St,Honolulu,HI,96817-4544,808-848-1438,www.kphc.org,50.0,7,All Other Clinic Types,1,Active,121803,,1,Permanent,2,Service Delivery Site,1,Health Center/Applicant,1,Full-Time,1,Year-Round,01/01/1975,KALIHI PALAMA HEALTH CENTER,915 N King St,Honolulu,HI,96817-4544,"Corporate Entity, Federal Tax Exempt",-157.86794324,21.32298102,N,N,15003,Honolulu County,Honolulu,County            ,09,Region 9,15,Hawaii,1501,1,Hawaii District 01,HI-01,Ed Case,Brian Schatz,Mazie K. Hirono,06/14/2025,
Federally Qualified Health Center (FQHC),H80CS00451,092160,BPS-H80-022115,Laupahoehoe Community Public Charter School,35-2065 Old Mamalahoa Hwy,Laupahoehoe,HI,96764,808-962-2200,,40.0,2,School,1,Active,121864,1306347448.0,1,Permanent,2,Service Delivery Site,1,Health Center/Applicant,0,Unknown,0,Unknown,05/09/2018,"HAMAKUA HEALTH CENTER, INC",45-549 Plumeria St,Honokaa,HI,96727-6902,"Corporate Entity, Federal Tax Exempt",-155.22652276,19.9803573,N,N,15001,Hawaii County,Hawaii,County            ,09,Region 9,15,Hawaii,1502,2,Hawaii District 02,HI-02,Jill N. Tokuda,Brian Schatz,Mazie K. Hirono,06/14/2025,
Federally Qualified Health Center (FQHC),H80CS00807,090990,BPS-H80-002044,WAIANAE COAST COMPREHENSIVE HEALTH CTR,86-260 Farrington Hwy,Waianae,HI,96792-3128,808-697-3300,www.wcchc.com,168.0,7,All Other Clinic Types,1,Active,121801,1992730956.0,1,Permanent,3,Administrative/Service Delivery Site,1,Health Center/Applicant,1,Full-Time,1,Year-Round,01/10/1972,"WAIANAE DISTRICT COMPREHENSIVE HEALTH AND HOSPITAL BOARD, INCORPORATED",86-260 Farrington Hwy,Waianae,HI,96792-3128,"Corporate Entity, Federal Tax Exempt",-158.180635,21.42935638,N,N,15003,Honolulu County,Honolulu,County            ,09,Region 9,15,Hawaii,1502,2,Hawaii District 02,HI-02,Jill N. Tokuda,Brian Schatz,Mazie K. Hirono,06/14/2025,
Federally Qualified Health Center (FQHC),H80CS06640,0924640,BPS-H80-036105,Pahoa Women and Children's Health Center,15-2866 Pahoa Village Rd,Pahoa,HI,96778-7720,808-333-3600,,40.0,7,All Other Clinic Types,1,Active,121839,1689814022.0,1,Permanent,2,Service Delivery Site,1,Health Center/Applicant,0,Unknown,0,Unknown,07/01/2022,WEST HAWAII COMMUNITY HEALTH CENTER INC,75-5751 Kuakini Hwy,Kailua Kona,HI,96740-1735,"Corporate Entity, Federal Tax Exempt",-154.94890967,19.49510251,N,N,15001,Hawaii County,Hawaii,County            ,09,Region 9,15,Hawaii,1502,2,Hawaii District 02,HI-02,Jill N. Tokuda,Brian Schatz,Mazie K. Hirono,06/14/2025,
Federally Qualified Health Center (FQHC),H80CS00646,092290,BPS-H80-039503,Waimanalo Elementary and Intermediate School,41-1330 Kalanianaole Hwy,Waimanalo,HI,96795-1214,808-954-7128,,6.0,2,School,1,Active,121017,,2,Seasonal,2,Service Delivery Site,1,Health Center/Applicant,0,Unknown,0,Unknown,11/22/2024,WAIMANALO HEALTH CENTER,41-1347 Kalanianaole Hwy,Waimanalo,HI,96795-1247,"Corporate Entity, Federal Tax Exempt",-157.71483856,21.34687778,N,N,15003,Honolulu County,Honolulu,County            ,09,Region 9,15,Hawaii,1502,2,Hawaii District 02,HI-02,Jill N. Tokuda,Brian Schatz,Mazie K. Hirono,06/14/2025,
Federally Qualified Health Center (FQHC),H80CS00776,093410,BPS-H80-002577,KKV Wellness Center,2229 N School St,Honolulu,HI,96819-2537,808-791-9400,www.kkv.net,60.0,7,All Other Clinic Types,1,Active,121847,1548521164.0,1,Permanent,3,Administrative/Service Delivery Site,1,Health Center/Applicant,1,Full-Time,1,Year-Round,12/16/2001,KOKUA KALIHI VALLEY (COMPREHENSIVE FAMILY SERVICES),2239 N School St,Honolulu,HI,96819-2539,"Corporate Entity, Federal Tax Exempt",-157.87416202,21.34051596,N,N,15003,Honolulu County,Honolulu,County            ,09,Region 9,15,Hawaii,1501,1,Hawaii District 01,HI-01,Ed Case,Brian Schatz,Mazie K. Hirono,06/14/2025,
Federally Qualified Health Center (FQHC),H80CS00053,092060,BPS-H80-012705,Waikiki Health Makahiki,935 Makahiki Way,Honolulu,HI,96826-2896,808-922-4787,www.waikikihealth.org,64.5,7,All Other Clinic Types,1,Active,121850,1093156119.0,1,Permanent,2,Service Delivery Site,1,Health Center/Applicant,1,Full-Time,1,Year-Round,07/10/2013,WAIKIKI HEALTH,277 Ohua Ave,Honolulu,HI,96815-6612,"Corporate Entity, Federal Tax Exempt",-157.82750734,21.29342421,N,N,15003,Honolulu County,Honolulu,County            ,09,Region 9,15,Hawaii,1501,1,Hawaii District 01,HI-01,Ed Case,Brian Schatz,Mazie K. Hirono,06/14/2025,
Federally Qualified Health Center (FQHC),H80CS06640,0924640,BPS-H80-038175,Kalanianaole Elementary and Intermediate School,27-330 Old Mamalahoa Hwy,Papaikou,HI,96781-7737,808-326-5629,,40.0,2,School,1,Active,,,1,Permanent,2,Service Delivery Site,1,Health Center/Applicant,0,Unknown,0,Unknown,01/31/2024,WEST HAWAII COMMUNITY HEALTH CENTER INC,75-5751 Kuakini Hwy,Kailua Kona,HI,96740-1735,"Corporate Entity, Federal Tax Exempt",-155.09465646,19.78961283,N,N,15001,Hawaii County,Hawaii,County            ,09,Region 9,15,Hawaii,1502,2,Hawaii District 02,HI-02,Jill N. Tokuda,Brian Schatz,Mazie K. Hirono,06/14/2025,
Federally Qualified Health Center (FQHC) Look-Alike,LALCS31600,09E01287,BPS-LAL-030912,Wahiawa Health - Pediatrics,302 California Ave STE 215,Wahiawa,HI,96786-1841,808-622-1618,www.wahiawahealth.org,64.0,7,All Other Clinic Types,1,Active,H108989,1992176283.0,1,Permanent,2,Service Delivery Site,1,Health Center/Applicant,0,Unknown,0,Unknown,06/23/2020,THE WAHIAWA CENTER FOR COMMUNITY HEALTH,302 CALIFORNIA AVE STE 106A,WAHIAWA,HI,96786,,-158.03117904,21.49538147,N,N,15003,Honolulu County,Honolulu,County            ,09,Region 9,15,Hawaii,1502,2,Hawaii District 02,HI-02,Jill N. Tokuda,Brian Schatz,Mazie K. Hirono,06/14/2025,
Federally Qualified Health Center (FQHC),H80CS00807,090990,BPS-H80-022338,Waianae Coast Comprehensive Health Center - Business Services,86-120 Farrington Hwy STE 309C,Waianae,HI,96792-3073,808-697-3199,,,0,Unknown,1,Active,,,1,Permanent,1,Administrative,1,Health Center/Applicant,0,Unknown,0,Unknown,07/02/2018,"WAIANAE DISTRICT COMPREHENSIVE HEALTH AND HOSPITAL BOARD, INCORPORATED",86-260 Farrington Hwy,Waianae,HI,96792-3128,"Corporate Entity, Federal Tax Exempt",-158.18495738,21.43599627,N,N,15003,Honolulu County,Honolulu,County            ,09,Region 9,15,Hawaii,1502,2,Hawaii District 02,HI-02,Jill N. Tokuda,Brian Schatz,Mazie K. Hirono,06/14/2025,
Federally Qualified Health Center (FQHC),H80CS00053,092060,BPS-H80-004571,Waikiki Health Ohua,277 Ohua Ave,Honolulu,HI,96815-6612,808-922-4787,www.waikikihc.org,64.5,7,All Other Clinic Types,1,Active,121814,1679646509.0,1,Permanent,2,Service Delivery Site,1,Health Center/Applicant,1,Full-Time,1,Year-Round,01/01/1982,WAIKIKI HEALTH,277 Ohua Ave,Honolulu,HI,96815-6612,"Corporate Entity, Federal Tax Exempt",-157.82031073,21.27609181,N,N,15003,Honolulu County,Honolulu,County            ,09,Region 9,15,Hawaii,1501,1,Hawaii District 01,HI-01,Ed Case,Brian Schatz,Mazie K. Hirono,06/14/2025,
Federally Qualified Health Center (FQHC),H80CS00776,093410,BPS-H80-007210,KUHIO PARK TERRACE PUB. HOUSING,1475 Linapuni St BLDG A,Honolulu,HI,96819-3569,808-845-3130,www.kkv.net,24.0,7,All Other Clinic Types,1,Active,121837,1558583856.0,1,Permanent,3,Administrative/Service Delivery Site,1,Health Center/Applicant,2,Part-Time,1,Year-Round,12/15/1994,KOKUA KALIHI VALLEY (COMPREHENSIVE FAMILY SERVICES),2239 N School St,Honolulu,HI,96819-2539,"Corporate Entity, Federal Tax Exempt",-157.87745259,21.33821014,N,N,15003,Honolulu County,Honolulu,County            ,09,Region 9,15,Hawaii,1501,1,Hawaii District 01,HI-01,Ed Case,Brian Schatz,Mazie K. Hirono,06/14/2025,
Federally Qualified Health Center (FQHC),H80CS00852,091290,BPS-H80-007905,Hoola Lahui Hawaii Pharmacy,4491 Rice St STE 105A,Lihue,HI,96766-1805,808-240-0200,www.hoolalahui.org,40.0,7,All Other Clinic Types,1,Active,100989,,1,Permanent,2,Service Delivery Site,1,Health Center/Applicant,1,Full-Time,1,Year-Round,01/30/2009,HO-OLA LAHUI HAWAII INC,"4491 Rice St, Ste 106",Lihue,HI,96766-1805,"Corporate Entity, Federal Tax Exempt",-159.37000275,21.97528935,N,N,15007,Kauai County,Kauai,County            ,09,Region 9,15,Hawaii,1502,2,Hawaii District 02,HI-02,Jill N. Tokuda,Brian Schatz,Mazie K. Hirono,06/14/2025,
Federally Qualified Health Center (FQHC),H80CS02449,0912120,BPS-H80-029652,"Molokai Community Health Center, Building # 7, Behavioral Health Department",30 Oki Pl,Kaunakakai,HI,96748,808-553-5038,,44.0,7,All Other Clinic Types,1,Active,,,1,Permanent,2,Service Delivery Site,1,Health Center/Applicant,0,Unknown,0,Unknown,09/27/2019,MOLOKAI OHANA HEALTH CARE INC,30 Oki Pl,Kaunakakai,HI,96748,"Corporate Entity, Federal Tax Exempt",-157.01841045,21.08636484,N,N,15009,Maui County,Maui,County            ,09,Region 9,15,Hawaii,1502,2,Hawaii District 02,HI-02,Jill N. Tokuda,Brian Schatz,Mazie K. Hirono,06/14/2025,
Federally Qualified Health Center (FQHC),H80CS00807,090990,BPS-H80-036874,Waianae Elementary School,85-220 McArthur St,Waianae,HI,96792-2619,808-697-3457,,35.0,2,School,1,Active,,,1,Permanent,2,Service Delivery Site,1,Health Center/Applicant,0,Unknown,0,Unknown,07/05/2023,"WAIANAE DISTRICT COMPREHENSIVE HEALTH AND HOSPITAL BOARD, INCORPORATED",86-260 Farrington Hwy,Waianae,HI,96792-3128,"Corporate Entity, Federal Tax Exempt",-158.18466996,21.44470125,N,N,15003,Honolulu County,Honolulu,County            ,09,Region 9,15,Hawaii,1502,2,Hawaii District 02,HI-02,Jill N. Tokuda,Brian Schatz,Mazie K. Hirono,06/14/2025,
Federally Qualified Health Center (FQHC),H80CS00776,093410,BPS-H80-013876,KKV Mobile Clinic 1,2239 N School St,Honolulu,HI,96819-2539,808-791-9400,,30.0,7,All Other Clinic Types,1,Active,121851,1851705255.0,5,Mobile Van,2,Service Delivery Site,1,Health Center/Applicant,2,Part-Time,1,Year-Round,05/29/2014,KOKUA KALIHI VALLEY (COMPREHENSIVE FAMILY SERVICES),2239 N School St,Honolulu,HI,96819-2539,"Corporate Entity, Federal Tax Exempt",-157.87439672,21.34081414,N,N,15003,Honolulu County,Honolulu,County            ,09,Region 9,15,Hawaii,1501,1,Hawaii District 01,HI-01,Ed Case,Brian Schatz,Mazie K. Hirono,06/14/2025,
Federally Qualified Health Center (FQHC),H80CS06641,0925370,BPS-H80-012410,Red Raider Health Center,56-490 Kamehameha Hwy,Kahuku,HI,96731-2200,808-293-9231,www.koolauloachc.org,40.0,2,School,1,Active,121865,1063766079.0,1,Permanent,2,Service Delivery Site,1,Health Center/Applicant,1,Full-Time,1,Year-Round,03/06/2013,KO'OLAULOA HEALTH CENTER,56-119 Pualalea St,Kahuku,HI,96731-2052,"Corporate Entity, Federal Tax Exempt",-157.94727963,21.67631885,N,N,15003,Honolulu County,Honolulu,County            ,09,Region 9,15,Hawaii,1502,2,Hawaii District 02,HI-02,Jill N. Tokuda,Brian Schatz,Mazie K. Hirono,06/14/2025,
